-- MySQL dump 10.13  Distrib 8.0.36, for Win64 (x86_64)
--
-- Host: 127.0.0.1    Database: nodejs_base1
-- ------------------------------------------------------
-- Server version	8.3.0

/*!40101 SET @OLD_CHARACTER_SET_CLIENT=@@CHARACTER_SET_CLIENT */;
/*!40101 SET @OLD_CHARACTER_SET_RESULTS=@@CHARACTER_SET_RESULTS */;
/*!40101 SET @OLD_COLLATION_CONNECTION=@@COLLATION_CONNECTION */;
/*!50503 SET NAMES utf8 */;
/*!40103 SET @OLD_TIME_ZONE=@@TIME_ZONE */;
/*!40103 SET TIME_ZONE='+00:00' */;
/*!40014 SET @OLD_UNIQUE_CHECKS=@@UNIQUE_CHECKS, UNIQUE_CHECKS=0 */;
/*!40014 SET @OLD_FOREIGN_KEY_CHECKS=@@FOREIGN_KEY_CHECKS, FOREIGN_KEY_CHECKS=0 */;
/*!40101 SET @OLD_SQL_MODE=@@SQL_MODE, SQL_MODE='NO_AUTO_VALUE_ON_ZERO' */;
/*!40111 SET @OLD_SQL_NOTES=@@SQL_NOTES, SQL_NOTES=0 */;

--
-- Table structure for table `categoria_evento`
--

DROP TABLE IF EXISTS `categoria_evento`;
/*!40101 SET @saved_cs_client     = @@character_set_client */;
/*!50503 SET character_set_client = utf8mb4 */;
CREATE TABLE `categoria_evento` (
  `id_categoria` int NOT NULL AUTO_INCREMENT,
  `descrip_cat` varchar(30) CHARACTER SET utf8mb4 COLLATE utf8mb4_general_ci DEFAULT NULL,
  PRIMARY KEY (`id_categoria`)
) ENGINE=InnoDB AUTO_INCREMENT=4 DEFAULT CHARSET=utf8mb4 COLLATE=utf8mb4_general_ci;
/*!40101 SET character_set_client = @saved_cs_client */;

--
-- Dumping data for table `categoria_evento`
--

LOCK TABLES `categoria_evento` WRITE;
/*!40000 ALTER TABLE `categoria_evento` DISABLE KEYS */;
INSERT INTO `categoria_evento` VALUES (1,'Carnaval'),(2,'Concierto'),(3,'Fiesta');
/*!40000 ALTER TABLE `categoria_evento` ENABLE KEYS */;
UNLOCK TABLES;

--
-- Table structure for table `estado`
--

DROP TABLE IF EXISTS `estado`;
/*!40101 SET @saved_cs_client     = @@character_set_client */;
/*!50503 SET character_set_client = utf8mb4 */;
CREATE TABLE `estado` (
  `id_estado` int NOT NULL AUTO_INCREMENT,
  `descrip_est` varchar(30) DEFAULT NULL,
  PRIMARY KEY (`id_estado`)
) ENGINE=InnoDB AUTO_INCREMENT=5 DEFAULT CHARSET=utf8mb4 COLLATE=utf8mb4_general_ci;
/*!40101 SET character_set_client = @saved_cs_client */;

--
-- Dumping data for table `estado`
--

LOCK TABLES `estado` WRITE;
/*!40000 ALTER TABLE `estado` DISABLE KEYS */;
INSERT INTO `estado` VALUES (1,'ASISTIDO'),(2,'ASISTIRE'),(3,'ME GUSTA'),(4,'NO INTERESADO');
/*!40000 ALTER TABLE `estado` ENABLE KEYS */;
UNLOCK TABLES;

--
-- Table structure for table `evento`
--

DROP TABLE IF EXISTS `evento`;
/*!40101 SET @saved_cs_client     = @@character_set_client */;
/*!50503 SET character_set_client = utf8mb4 */;
CREATE TABLE `evento` (
  `id_evento` int NOT NULL AUTO_INCREMENT,
  `nombre_evento` varchar(500) NOT NULL,
  `descripcion` varchar(5000) CHARACTER SET utf8mb4 COLLATE utf8mb4_general_ci DEFAULT NULL,
  `fecha_hora` datetime DEFAULT NULL,
  `lugar` varchar(150) CHARACTER SET utf8mb4 COLLATE utf8mb4_general_ci DEFAULT NULL,
  `direccion` varchar(200) CHARACTER SET utf8mb4 COLLATE utf8mb4_general_ci DEFAULT NULL,
  `disponibilidad` varchar(50) DEFAULT NULL,
  `link_compra` varchar(200) CHARACTER SET utf8mb4 COLLATE utf8mb4_general_ci DEFAULT NULL,
  `ruta_imagen` varchar(200) DEFAULT NULL,
  `ruta_flayer` varchar(200) DEFAULT NULL,
  `id_usuario` int NOT NULL,
  `id_categoria` int DEFAULT NULL,
  PRIMARY KEY (`id_evento`),
  KEY `id_usuario` (`id_usuario`),
  KEY `id_categoria` (`id_categoria`),
  CONSTRAINT `evento_ibfk_1` FOREIGN KEY (`id_usuario`) REFERENCES `usuario` (`id_usuario`),
  CONSTRAINT `evento_ibfk_2` FOREIGN KEY (`id_categoria`) REFERENCES `categoria_evento` (`id_categoria`)
) ENGINE=InnoDB AUTO_INCREMENT=52 DEFAULT CHARSET=utf8mb4 COLLATE=utf8mb4_general_ci;
/*!40101 SET character_set_client = @saved_cs_client */;

--
-- Dumping data for table `evento`
--

LOCK TABLES `evento` WRITE;
/*!40000 ALTER TABLE `evento` DISABLE KEYS */;
INSERT INTO `evento` VALUES (1,'Concierto de Rock','Lorem ipsum dolor sit amet, consectetur adipiscing elit. Sed sagittis erat id nisi convallis bibendum. Pellentesque at lacus ultricies, congue turpis sed, condimentum odio. Ut ac ligula eget nulla cursus congue ac quis mauris. Vestibulum sit amet dictum odio. Morbi aliquet erat eros, nec elementum ipsum auctor non. Nulla facilisi. Proin nec tincidunt libero. Sed eget aliquet velit. Mauris lobortis vehicula quam, ac consectetur turpis. Curabitur efficitur nisi eu urna elementum, id vulputate velit faucibus. Sed id nulla varius, vestibulum libero at, volutpat risus. Curabitur non pharetra risus. Ut a aliquet orci. Aenean condimentum congue eros, eget malesuada velit commodo at./n/nFusce at massa vel tellus consequat fringilla id vitae ligula. Integer vitae rutrum neque. Suspendisse potenti. Pellentesque non finibus eros. Proin eu neque nec nulla convallis malesuada nec ut elit. Nulla vestibulum magna ac nibh aliquam, sit amet elementum neque tincidunt. Donec sed tellus rutrum, congue nulla id, fermentum nisi. Fusce vel justo vestibulum, euismod lorem non, commodo ligula. Suspendisse vel arcu sapien./n/nSed vulputate eros sit amet odio molestie, eget gravida sapien dapibus. Aenean eget accumsan velit. Mauris eu augue velit. Ut tincidunt varius volutpat. Cras ullamcorper mi non justo venenatis, in bibendum quam tempus. Donec nec mauris ut augue vestibulum tempor. Aliquam id dolor bibendum, posuere justo et, varius neque. Cras vitae lacus ut nunc sodales hendrerit. Duis commodo risus a finibus fermentum. Vivamus quis tortor et lacus commodo vehicula./n/nDuis non consequat sapien. Curabitur vehicula dolor in dui molestie, vel viverra ex pharetra. Nulla facilisi. Nullam nec justo ex. Aliquam erat volutpat. Pellentesque habitant morbi tristique senectus et netus et malesuada fames ac turpis egestas. Duis quis placerat arcu. Aliquam condimentum neque non massa scelerisque commodo. Integer vehicula odio nec turpis pellentesque, et malesuada sapien venenatis. Etiam convallis risus nec justo scelerisque, vel ullamcorper tortor sodales. Suspendisse potenti. Vivamus vehicula nisi sit amet mi posuere posuere./n/nPellentesque habitant morbi tristique senectus et netus et malesuada fames ac turpis egestas. Mauris non venenatis elit. Donec mattis erat auctor, pharetra nunc vel, dapibus ligula. Nullam nec sapien nec dui commodo efficitur. Vivamus ullamcorper, lacus et accumsan posuere, lacus felis egestas turpis, et convallis ligula mi nec ante. Nulla pharetra orci sit amet quam ultricies varius. Sed ullamcorper lacinia sem, nec suscipit magna. Phasellus a metus eu leo vehicula vulputate id at metus. Sed dictum enim id diam fermentum, ac varius odio rutrum. Integer sit amet magna ut orci lacinia vehicula. Ut varius lacus eget enim efficitur dapibus. Suspendisse potenti. In hac habitasse platea dictumst. Sed vel purus a mi pellentesque dictum vitae id enim. Donec at ex dolor. Ut in tincidunt sapien. Integer ac nisl vehicula, rhoncus felis eget, euismod urna.','2024-07-15 20:00:00','Estadio Central','Calle Principal 123','Disponible','http://ejemplo.com/comprar','/Recursos/Img/evento/event/evento1.png','/Recursos/Img/evento/flayer/recomendacion1.png',1,1),(2,'Feria de Libros','Lorem ipsum dolor sit amet, consectetur adipiscing elit. Sed sagittis erat id nisi convallis bibendum. Pellentesque at lacus ultricies, congue turpis sed, condimentum odio. Ut ac ligula eget nulla cursus congue ac quis mauris. Vestibulum sit amet dictum odio. Morbi aliquet erat eros, nec elementum ipsum auctor non. Nulla facilisi. Proin nec tincidunt libero. Sed eget aliquet velit. Mauris lobortis vehicula quam, ac consectetur turpis. Curabitur efficitur nisi eu urna elementum, id vulputate velit faucibus. Sed id nulla varius, vestibulum libero at, volutpat risus. Curabitur non pharetra risus. Ut a aliquet orci. Aenean condimentum congue eros, eget malesuada velit commodo at./n/nFusce at massa vel tellus consequat fringilla id vitae ligula. Integer vitae rutrum neque. Suspendisse potenti. Pellentesque non finibus eros. Proin eu neque nec nulla convallis malesuada nec ut elit. Nulla vestibulum magna ac nibh aliquam, sit amet elementum neque tincidunt. Donec sed tellus rutrum, congue nulla id, fermentum nisi. Fusce vel justo vestibulum, euismod lorem non, commodo ligula. Suspendisse vel arcu sapien./n/nSed vulputate eros sit amet odio molestie, eget gravida sapien dapibus. Aenean eget accumsan velit. Mauris eu augue velit. Ut tincidunt varius volutpat. Cras ullamcorper mi non justo venenatis, in bibendum quam tempus. Donec nec mauris ut augue vestibulum tempor. Aliquam id dolor bibendum, posuere justo et, varius neque. Cras vitae lacus ut nunc sodales hendrerit. Duis commodo risus a finibus fermentum. Vivamus quis tortor et lacus commodo vehicula./n/nDuis non consequat sapien. Curabitur vehicula dolor in dui molestie, vel viverra ex pharetra. Nulla facilisi. Nullam nec justo ex. Aliquam erat volutpat. Pellentesque habitant morbi tristique senectus et netus et malesuada fames ac turpis egestas. Duis quis placerat arcu. Aliquam condimentum neque non massa scelerisque commodo. Integer vehicula odio nec turpis pellentesque, et malesuada sapien venenatis. Etiam convallis risus nec justo scelerisque, vel ullamcorper tortor sodales. Suspendisse potenti. Vivamus vehicula nisi sit amet mi posuere posuere./n/nPellentesque habitant morbi tristique senectus et netus et malesuada fames ac turpis egestas. Mauris non venenatis elit. Donec mattis erat auctor, pharetra nunc vel, dapibus ligula. Nullam nec sapien nec dui commodo efficitur. Vivamus ullamcorper, lacus et accumsan posuere, lacus felis egestas turpis, et convallis ligula mi nec ante. Nulla pharetra orci sit amet quam ultricies varius. Sed ullamcorper lacinia sem, nec suscipit magna. Phasellus a metus eu leo vehicula vulputate id at metus. Sed dictum enim id diam fermentum, ac varius odio rutrum. Integer sit amet magna ut orci lacinia vehicula. Ut varius lacus eget enim efficitur dapibus. Suspendisse potenti. In hac habitasse platea dictumst. Sed vel purus a mi pellentesque dictum vitae id enim. Donec at ex dolor. Ut in tincidunt sapien. Integer ac nisl vehicula, rhoncus felis eget, euismod urna.','2024-08-01 10:00:00','Parque Central','Avenida Principal 456','Agotado','http://ejemplo.com/comprar','/Recursos/Img/evento/event/evento2.png','/Recursos/Img/evento/flayer/recomendacion2.png',2,2),(3,'Exposición de Arte','Lorem ipsum dolor sit amet, consectetur adipiscing elit. Sed sagittis erat id nisi convallis bibendum. Pellentesque at lacus ultricies, congue turpis sed, condimentum odio. Ut ac ligula eget nulla cursus congue ac quis mauris. Vestibulum sit amet dictum odio. Morbi aliquet erat eros, nec elementum ipsum auctor non. Nulla facilisi. Proin nec tincidunt libero. Sed eget aliquet velit. Mauris lobortis vehicula quam, ac consectetur turpis. Curabitur efficitur nisi eu urna elementum, id vulputate velit faucibus. Sed id nulla varius, vestibulum libero at, volutpat risus. Curabitur non pharetra risus. Ut a aliquet orci. Aenean condimentum congue eros, eget malesuada velit commodo at./n/nFusce at massa vel tellus consequat fringilla id vitae ligula. Integer vitae rutrum neque. Suspendisse potenti. Pellentesque non finibus eros. Proin eu neque nec nulla convallis malesuada nec ut elit. Nulla vestibulum magna ac nibh aliquam, sit amet elementum neque tincidunt. Donec sed tellus rutrum, congue nulla id, fermentum nisi. Fusce vel justo vestibulum, euismod lorem non, commodo ligula. Suspendisse vel arcu sapien./n/nSed vulputate eros sit amet odio molestie, eget gravida sapien dapibus. Aenean eget accumsan velit. Mauris eu augue velit. Ut tincidunt varius volutpat. Cras ullamcorper mi non justo venenatis, in bibendum quam tempus. Donec nec mauris ut augue vestibulum tempor. Aliquam id dolor bibendum, posuere justo et, varius neque. Cras vitae lacus ut nunc sodales hendrerit. Duis commodo risus a finibus fermentum. Vivamus quis tortor et lacus commodo vehicula./n/nDuis non consequat sapien. Curabitur vehicula dolor in dui molestie, vel viverra ex pharetra. Nulla facilisi. Nullam nec justo ex. Aliquam erat volutpat. Pellentesque habitant morbi tristique senectus et netus et malesuada fames ac turpis egestas. Duis quis placerat arcu. Aliquam condimentum neque non massa scelerisque commodo. Integer vehicula odio nec turpis pellentesque, et malesuada sapien venenatis. Etiam convallis risus nec justo scelerisque, vel ullamcorper tortor sodales. Suspendisse potenti. Vivamus vehicula nisi sit amet mi posuere posuere./n/nPellentesque habitant morbi tristique senectus et netus et malesuada fames ac turpis egestas. Mauris non venenatis elit. Donec mattis erat auctor, pharetra nunc vel, dapibus ligula. Nullam nec sapien nec dui commodo efficitur. Vivamus ullamcorper, lacus et accumsan posuere, lacus felis egestas turpis, et convallis ligula mi nec ante. Nulla pharetra orci sit amet quam ultricies varius. Sed ullamcorper lacinia sem, nec suscipit magna. Phasellus a metus eu leo vehicula vulputate id at metus. Sed dictum enim id diam fermentum, ac varius odio rutrum. Integer sit amet magna ut orci lacinia vehicula. Ut varius lacus eget enim efficitur dapibus. Suspendisse potenti. In hac habitasse platea dictumst. Sed vel purus a mi pellentesque dictum vitae id enim. Donec at ex dolor. Ut in tincidunt sapien. Integer ac nisl vehicula, rhoncus felis eget, euismod urna.','2024-08-20 15:00:00','Galería de Arte','Calle Secundaria 789','Disponible','http://ejemplo.com/comprar','/Recursos/Img/evento/event/evento3.png','/Recursos/Img/evento/flayer/recomendacion3.png',3,3),(4,'Evento 1','Lorem ipsum dolor sit amet, consectetur adipiscing elit. Sed sagittis erat id nisi convallis bibendum. Pellentesque at lacus ultricies, congue turpis sed, condimentum odio. Ut ac ligula eget nulla cursus congue ac quis mauris. Vestibulum sit amet dictum odio. Morbi aliquet erat eros, nec elementum ipsum auctor non. Nulla facilisi. Proin nec tincidunt libero. Sed eget aliquet velit. Mauris lobortis vehicula quam, ac consectetur turpis. Curabitur efficitur nisi eu urna elementum, id vulputate velit faucibus. Sed id nulla varius, vestibulum libero at, volutpat risus. Curabitur non pharetra risus. Ut a aliquet orci. Aenean condimentum congue eros, eget malesuada velit commodo at./n/nFusce at massa vel tellus consequat fringilla id vitae ligula. Integer vitae rutrum neque. Suspendisse potenti. Pellentesque non finibus eros. Proin eu neque nec nulla convallis malesuada nec ut elit. Nulla vestibulum magna ac nibh aliquam, sit amet elementum neque tincidunt. Donec sed tellus rutrum, congue nulla id, fermentum nisi. Fusce vel justo vestibulum, euismod lorem non, commodo ligula. Suspendisse vel arcu sapien./n/nSed vulputate eros sit amet odio molestie, eget gravida sapien dapibus. Aenean eget accumsan velit. Mauris eu augue velit. Ut tincidunt varius volutpat. Cras ullamcorper mi non justo venenatis, in bibendum quam tempus. Donec nec mauris ut augue vestibulum tempor. Aliquam id dolor bibendum, posuere justo et, varius neque. Cras vitae lacus ut nunc sodales hendrerit. Duis commodo risus a finibus fermentum. Vivamus quis tortor et lacus commodo vehicula./n/nDuis non consequat sapien. Curabitur vehicula dolor in dui molestie, vel viverra ex pharetra. Nulla facilisi. Nullam nec justo ex. Aliquam erat volutpat. Pellentesque habitant morbi tristique senectus et netus et malesuada fames ac turpis egestas. Duis quis placerat arcu. Aliquam condimentum neque non massa scelerisque commodo. Integer vehicula odio nec turpis pellentesque, et malesuada sapien venenatis. Etiam convallis risus nec justo scelerisque, vel ullamcorper tortor sodales. Suspendisse potenti. Vivamus vehicula nisi sit amet mi posuere posuere./n/nPellentesque habitant morbi tristique senectus et netus et malesuada fames ac turpis egestas. Mauris non venenatis elit. Donec mattis erat auctor, pharetra nunc vel, dapibus ligula. Nullam nec sapien nec dui commodo efficitur. Vivamus ullamcorper, lacus et accumsan posuere, lacus felis egestas turpis, et convallis ligula mi nec ante. Nulla pharetra orci sit amet quam ultricies varius. Sed ullamcorper lacinia sem, nec suscipit magna. Phasellus a metus eu leo vehicula vulputate id at metus. Sed dictum enim id diam fermentum, ac varius odio rutrum. Integer sit amet magna ut orci lacinia vehicula. Ut varius lacus eget enim efficitur dapibus. Suspendisse potenti. In hac habitasse platea dictumst. Sed vel purus a mi pellentesque dictum vitae id enim. Donec at ex dolor. Ut in tincidunt sapien. Integer ac nisl vehicula, rhoncus felis eget, euismod urna.','2024-06-11 10:00:00','Lugar 1','Dirección 1','Disponible','http://ejemplo.com/comprar1','/Recursos/Img/evento/event/evento4.png','/Recursos/Img/evento/flayer/recomendacion4.png',1,1),(5,'Evento 2','Lorem ipsum dolor sit amet, consectetur adipiscing elit. Sed sagittis erat id nisi convallis bibendum. Pellentesque at lacus ultricies, congue turpis sed, condimentum odio. Ut ac ligula eget nulla cursus congue ac quis mauris. Vestibulum sit amet dictum odio. Morbi aliquet erat eros, nec elementum ipsum auctor non. Nulla facilisi. Proin nec tincidunt libero. Sed eget aliquet velit. Mauris lobortis vehicula quam, ac consectetur turpis. Curabitur efficitur nisi eu urna elementum, id vulputate velit faucibus. Sed id nulla varius, vestibulum libero at, volutpat risus. Curabitur non pharetra risus. Ut a aliquet orci. Aenean condimentum congue eros, eget malesuada velit commodo at./n/nFusce at massa vel tellus consequat fringilla id vitae ligula. Integer vitae rutrum neque. Suspendisse potenti. Pellentesque non finibus eros. Proin eu neque nec nulla convallis malesuada nec ut elit. Nulla vestibulum magna ac nibh aliquam, sit amet elementum neque tincidunt. Donec sed tellus rutrum, congue nulla id, fermentum nisi. Fusce vel justo vestibulum, euismod lorem non, commodo ligula. Suspendisse vel arcu sapien./n/nSed vulputate eros sit amet odio molestie, eget gravida sapien dapibus. Aenean eget accumsan velit. Mauris eu augue velit. Ut tincidunt varius volutpat. Cras ullamcorper mi non justo venenatis, in bibendum quam tempus. Donec nec mauris ut augue vestibulum tempor. Aliquam id dolor bibendum, posuere justo et, varius neque. Cras vitae lacus ut nunc sodales hendrerit. Duis commodo risus a finibus fermentum. Vivamus quis tortor et lacus commodo vehicula./n/nDuis non consequat sapien. Curabitur vehicula dolor in dui molestie, vel viverra ex pharetra. Nulla facilisi. Nullam nec justo ex. Aliquam erat volutpat. Pellentesque habitant morbi tristique senectus et netus et malesuada fames ac turpis egestas. Duis quis placerat arcu. Aliquam condimentum neque non massa scelerisque commodo. Integer vehicula odio nec turpis pellentesque, et malesuada sapien venenatis. Etiam convallis risus nec justo scelerisque, vel ullamcorper tortor sodales. Suspendisse potenti. Vivamus vehicula nisi sit amet mi posuere posuere./n/nPellentesque habitant morbi tristique senectus et netus et malesuada fames ac turpis egestas. Mauris non venenatis elit. Donec mattis erat auctor, pharetra nunc vel, dapibus ligula. Nullam nec sapien nec dui commodo efficitur. Vivamus ullamcorper, lacus et accumsan posuere, lacus felis egestas turpis, et convallis ligula mi nec ante. Nulla pharetra orci sit amet quam ultricies varius. Sed ullamcorper lacinia sem, nec suscipit magna. Phasellus a metus eu leo vehicula vulputate id at metus. Sed dictum enim id diam fermentum, ac varius odio rutrum. Integer sit amet magna ut orci lacinia vehicula. Ut varius lacus eget enim efficitur dapibus. Suspendisse potenti. In hac habitasse platea dictumst. Sed vel purus a mi pellentesque dictum vitae id enim. Donec at ex dolor. Ut in tincidunt sapien. Integer ac nisl vehicula, rhoncus felis eget, euismod urna.','2024-06-12 11:00:00','Lugar 2','Dirección 2','Disponible','http://ejemplo.com/comprar2','/Recursos/Img/evento/event/evento5.png','/Recursos/Img/evento/flayer/recomendacion5.png',2,2),(6,'Evento 3','Lorem ipsum dolor sit amet, consectetur adipiscing elit. Sed sagittis erat id nisi convallis bibendum. Pellentesque at lacus ultricies, congue turpis sed, condimentum odio. Ut ac ligula eget nulla cursus congue ac quis mauris. Vestibulum sit amet dictum odio. Morbi aliquet erat eros, nec elementum ipsum auctor non. Nulla facilisi. Proin nec tincidunt libero. Sed eget aliquet velit. Mauris lobortis vehicula quam, ac consectetur turpis. Curabitur efficitur nisi eu urna elementum, id vulputate velit faucibus. Sed id nulla varius, vestibulum libero at, volutpat risus. Curabitur non pharetra risus. Ut a aliquet orci. Aenean condimentum congue eros, eget malesuada velit commodo at./n/nFusce at massa vel tellus consequat fringilla id vitae ligula. Integer vitae rutrum neque. Suspendisse potenti. Pellentesque non finibus eros. Proin eu neque nec nulla convallis malesuada nec ut elit. Nulla vestibulum magna ac nibh aliquam, sit amet elementum neque tincidunt. Donec sed tellus rutrum, congue nulla id, fermentum nisi. Fusce vel justo vestibulum, euismod lorem non, commodo ligula. Suspendisse vel arcu sapien./n/nSed vulputate eros sit amet odio molestie, eget gravida sapien dapibus. Aenean eget accumsan velit. Mauris eu augue velit. Ut tincidunt varius volutpat. Cras ullamcorper mi non justo venenatis, in bibendum quam tempus. Donec nec mauris ut augue vestibulum tempor. Aliquam id dolor bibendum, posuere justo et, varius neque. Cras vitae lacus ut nunc sodales hendrerit. Duis commodo risus a finibus fermentum. Vivamus quis tortor et lacus commodo vehicula./n/nDuis non consequat sapien. Curabitur vehicula dolor in dui molestie, vel viverra ex pharetra. Nulla facilisi. Nullam nec justo ex. Aliquam erat volutpat. Pellentesque habitant morbi tristique senectus et netus et malesuada fames ac turpis egestas. Duis quis placerat arcu. Aliquam condimentum neque non massa scelerisque commodo. Integer vehicula odio nec turpis pellentesque, et malesuada sapien venenatis. Etiam convallis risus nec justo scelerisque, vel ullamcorper tortor sodales. Suspendisse potenti. Vivamus vehicula nisi sit amet mi posuere posuere./n/nPellentesque habitant morbi tristique senectus et netus et malesuada fames ac turpis egestas. Mauris non venenatis elit. Donec mattis erat auctor, pharetra nunc vel, dapibus ligula. Nullam nec sapien nec dui commodo efficitur. Vivamus ullamcorper, lacus et accumsan posuere, lacus felis egestas turpis, et convallis ligula mi nec ante. Nulla pharetra orci sit amet quam ultricies varius. Sed ullamcorper lacinia sem, nec suscipit magna. Phasellus a metus eu leo vehicula vulputate id at metus. Sed dictum enim id diam fermentum, ac varius odio rutrum. Integer sit amet magna ut orci lacinia vehicula. Ut varius lacus eget enim efficitur dapibus. Suspendisse potenti. In hac habitasse platea dictumst. Sed vel purus a mi pellentesque dictum vitae id enim. Donec at ex dolor. Ut in tincidunt sapien. Integer ac nisl vehicula, rhoncus felis eget, euismod urna.','2024-06-13 12:00:00','Lugar 3','Dirección 3','Disponible','http://ejemplo.com/comprar3','/Recursos/Img/evento/event/evento6.png','/Recursos/Img/evento/flayer/recomendacion6.png',3,3),(7,'Evento 4','Lorem ipsum dolor sit amet, consectetur adipiscing elit. Sed sagittis erat id nisi convallis bibendum. Pellentesque at lacus ultricies, congue turpis sed, condimentum odio. Ut ac ligula eget nulla cursus congue ac quis mauris. Vestibulum sit amet dictum odio. Morbi aliquet erat eros, nec elementum ipsum auctor non. Nulla facilisi. Proin nec tincidunt libero. Sed eget aliquet velit. Mauris lobortis vehicula quam, ac consectetur turpis. Curabitur efficitur nisi eu urna elementum, id vulputate velit faucibus. Sed id nulla varius, vestibulum libero at, volutpat risus. Curabitur non pharetra risus. Ut a aliquet orci. Aenean condimentum congue eros, eget malesuada velit commodo at./n/nFusce at massa vel tellus consequat fringilla id vitae ligula. Integer vitae rutrum neque. Suspendisse potenti. Pellentesque non finibus eros. Proin eu neque nec nulla convallis malesuada nec ut elit. Nulla vestibulum magna ac nibh aliquam, sit amet elementum neque tincidunt. Donec sed tellus rutrum, congue nulla id, fermentum nisi. Fusce vel justo vestibulum, euismod lorem non, commodo ligula. Suspendisse vel arcu sapien./n/nSed vulputate eros sit amet odio molestie, eget gravida sapien dapibus. Aenean eget accumsan velit. Mauris eu augue velit. Ut tincidunt varius volutpat. Cras ullamcorper mi non justo venenatis, in bibendum quam tempus. Donec nec mauris ut augue vestibulum tempor. Aliquam id dolor bibendum, posuere justo et, varius neque. Cras vitae lacus ut nunc sodales hendrerit. Duis commodo risus a finibus fermentum. Vivamus quis tortor et lacus commodo vehicula./n/nDuis non consequat sapien. Curabitur vehicula dolor in dui molestie, vel viverra ex pharetra. Nulla facilisi. Nullam nec justo ex. Aliquam erat volutpat. Pellentesque habitant morbi tristique senectus et netus et malesuada fames ac turpis egestas. Duis quis placerat arcu. Aliquam condimentum neque non massa scelerisque commodo. Integer vehicula odio nec turpis pellentesque, et malesuada sapien venenatis. Etiam convallis risus nec justo scelerisque, vel ullamcorper tortor sodales. Suspendisse potenti. Vivamus vehicula nisi sit amet mi posuere posuere./n/nPellentesque habitant morbi tristique senectus et netus et malesuada fames ac turpis egestas. Mauris non venenatis elit. Donec mattis erat auctor, pharetra nunc vel, dapibus ligula. Nullam nec sapien nec dui commodo efficitur. Vivamus ullamcorper, lacus et accumsan posuere, lacus felis egestas turpis, et convallis ligula mi nec ante. Nulla pharetra orci sit amet quam ultricies varius. Sed ullamcorper lacinia sem, nec suscipit magna. Phasellus a metus eu leo vehicula vulputate id at metus. Sed dictum enim id diam fermentum, ac varius odio rutrum. Integer sit amet magna ut orci lacinia vehicula. Ut varius lacus eget enim efficitur dapibus. Suspendisse potenti. In hac habitasse platea dictumst. Sed vel purus a mi pellentesque dictum vitae id enim. Donec at ex dolor. Ut in tincidunt sapien. Integer ac nisl vehicula, rhoncus felis eget, euismod urna.','2024-06-14 13:00:00','Lugar 4','Dirección 4','Disponible','http://ejemplo.com/comprar4','/Recursos/Img/evento/event/evento7.png','/Recursos/Img/evento/flayer/recomendacion7.png',4,2),(8,'Evento 5','Lorem ipsum dolor sit amet, consectetur adipiscing elit. Sed sagittis erat id nisi convallis bibendum. Pellentesque at lacus ultricies, congue turpis sed, condimentum odio. Ut ac ligula eget nulla cursus congue ac quis mauris. Vestibulum sit amet dictum odio. Morbi aliquet erat eros, nec elementum ipsum auctor non. Nulla facilisi. Proin nec tincidunt libero. Sed eget aliquet velit. Mauris lobortis vehicula quam, ac consectetur turpis. Curabitur efficitur nisi eu urna elementum, id vulputate velit faucibus. Sed id nulla varius, vestibulum libero at, volutpat risus. Curabitur non pharetra risus. Ut a aliquet orci. Aenean condimentum congue eros, eget malesuada velit commodo at./n/nFusce at massa vel tellus consequat fringilla id vitae ligula. Integer vitae rutrum neque. Suspendisse potenti. Pellentesque non finibus eros. Proin eu neque nec nulla convallis malesuada nec ut elit. Nulla vestibulum magna ac nibh aliquam, sit amet elementum neque tincidunt. Donec sed tellus rutrum, congue nulla id, fermentum nisi. Fusce vel justo vestibulum, euismod lorem non, commodo ligula. Suspendisse vel arcu sapien./n/nSed vulputate eros sit amet odio molestie, eget gravida sapien dapibus. Aenean eget accumsan velit. Mauris eu augue velit. Ut tincidunt varius volutpat. Cras ullamcorper mi non justo venenatis, in bibendum quam tempus. Donec nec mauris ut augue vestibulum tempor. Aliquam id dolor bibendum, posuere justo et, varius neque. Cras vitae lacus ut nunc sodales hendrerit. Duis commodo risus a finibus fermentum. Vivamus quis tortor et lacus commodo vehicula./n/nDuis non consequat sapien. Curabitur vehicula dolor in dui molestie, vel viverra ex pharetra. Nulla facilisi. Nullam nec justo ex. Aliquam erat volutpat. Pellentesque habitant morbi tristique senectus et netus et malesuada fames ac turpis egestas. Duis quis placerat arcu. Aliquam condimentum neque non massa scelerisque commodo. Integer vehicula odio nec turpis pellentesque, et malesuada sapien venenatis. Etiam convallis risus nec justo scelerisque, vel ullamcorper tortor sodales. Suspendisse potenti. Vivamus vehicula nisi sit amet mi posuere posuere./n/nPellentesque habitant morbi tristique senectus et netus et malesuada fames ac turpis egestas. Mauris non venenatis elit. Donec mattis erat auctor, pharetra nunc vel, dapibus ligula. Nullam nec sapien nec dui commodo efficitur. Vivamus ullamcorper, lacus et accumsan posuere, lacus felis egestas turpis, et convallis ligula mi nec ante. Nulla pharetra orci sit amet quam ultricies varius. Sed ullamcorper lacinia sem, nec suscipit magna. Phasellus a metus eu leo vehicula vulputate id at metus. Sed dictum enim id diam fermentum, ac varius odio rutrum. Integer sit amet magna ut orci lacinia vehicula. Ut varius lacus eget enim efficitur dapibus. Suspendisse potenti. In hac habitasse platea dictumst. Sed vel purus a mi pellentesque dictum vitae id enim. Donec at ex dolor. Ut in tincidunt sapien. Integer ac nisl vehicula, rhoncus felis eget, euismod urna.','2024-06-15 14:00:00','Lugar 5','Dirección 5','Disponible','http://ejemplo.com/comprar5','/Recursos/Img/evento/event/evento8.png','/Recursos/Img/evento/flayer/recomendacion8.png',5,2),(9,'Evento 6','Lorem ipsum dolor sit amet, consectetur adipiscing elit. Sed sagittis erat id nisi convallis bibendum. Pellentesque at lacus ultricies, congue turpis sed, condimentum odio. Ut ac ligula eget nulla cursus congue ac quis mauris. Vestibulum sit amet dictum odio. Morbi aliquet erat eros, nec elementum ipsum auctor non. Nulla facilisi. Proin nec tincidunt libero. Sed eget aliquet velit. Mauris lobortis vehicula quam, ac consectetur turpis. Curabitur efficitur nisi eu urna elementum, id vulputate velit faucibus. Sed id nulla varius, vestibulum libero at, volutpat risus. Curabitur non pharetra risus. Ut a aliquet orci. Aenean condimentum congue eros, eget malesuada velit commodo at./n/nFusce at massa vel tellus consequat fringilla id vitae ligula. Integer vitae rutrum neque. Suspendisse potenti. Pellentesque non finibus eros. Proin eu neque nec nulla convallis malesuada nec ut elit. Nulla vestibulum magna ac nibh aliquam, sit amet elementum neque tincidunt. Donec sed tellus rutrum, congue nulla id, fermentum nisi. Fusce vel justo vestibulum, euismod lorem non, commodo ligula. Suspendisse vel arcu sapien./n/nSed vulputate eros sit amet odio molestie, eget gravida sapien dapibus. Aenean eget accumsan velit. Mauris eu augue velit. Ut tincidunt varius volutpat. Cras ullamcorper mi non justo venenatis, in bibendum quam tempus. Donec nec mauris ut augue vestibulum tempor. Aliquam id dolor bibendum, posuere justo et, varius neque. Cras vitae lacus ut nunc sodales hendrerit. Duis commodo risus a finibus fermentum. Vivamus quis tortor et lacus commodo vehicula./n/nDuis non consequat sapien. Curabitur vehicula dolor in dui molestie, vel viverra ex pharetra. Nulla facilisi. Nullam nec justo ex. Aliquam erat volutpat. Pellentesque habitant morbi tristique senectus et netus et malesuada fames ac turpis egestas. Duis quis placerat arcu. Aliquam condimentum neque non massa scelerisque commodo. Integer vehicula odio nec turpis pellentesque, et malesuada sapien venenatis. Etiam convallis risus nec justo scelerisque, vel ullamcorper tortor sodales. Suspendisse potenti. Vivamus vehicula nisi sit amet mi posuere posuere./n/nPellentesque habitant morbi tristique senectus et netus et malesuada fames ac turpis egestas. Mauris non venenatis elit. Donec mattis erat auctor, pharetra nunc vel, dapibus ligula. Nullam nec sapien nec dui commodo efficitur. Vivamus ullamcorper, lacus et accumsan posuere, lacus felis egestas turpis, et convallis ligula mi nec ante. Nulla pharetra orci sit amet quam ultricies varius. Sed ullamcorper lacinia sem, nec suscipit magna. Phasellus a metus eu leo vehicula vulputate id at metus. Sed dictum enim id diam fermentum, ac varius odio rutrum. Integer sit amet magna ut orci lacinia vehicula. Ut varius lacus eget enim efficitur dapibus. Suspendisse potenti. In hac habitasse platea dictumst. Sed vel purus a mi pellentesque dictum vitae id enim. Donec at ex dolor. Ut in tincidunt sapien. Integer ac nisl vehicula, rhoncus felis eget, euismod urna.','2024-06-16 15:00:00','Lugar 6','Dirección 6','Disponible','http://ejemplo.com/comprar6','/Recursos/Img/evento/event/evento9.png','/Recursos/Img/evento/flayer/recomendacion9.png',6,2),(10,'Evento 7','Lorem ipsum dolor sit amet, consectetur adipiscing elit. Sed sagittis erat id nisi convallis bibendum. Pellentesque at lacus ultricies, congue turpis sed, condimentum odio. Ut ac ligula eget nulla cursus congue ac quis mauris. Vestibulum sit amet dictum odio. Morbi aliquet erat eros, nec elementum ipsum auctor non. Nulla facilisi. Proin nec tincidunt libero. Sed eget aliquet velit. Mauris lobortis vehicula quam, ac consectetur turpis. Curabitur efficitur nisi eu urna elementum, id vulputate velit faucibus. Sed id nulla varius, vestibulum libero at, volutpat risus. Curabitur non pharetra risus. Ut a aliquet orci. Aenean condimentum congue eros, eget malesuada velit commodo at./n/nFusce at massa vel tellus consequat fringilla id vitae ligula. Integer vitae rutrum neque. Suspendisse potenti. Pellentesque non finibus eros. Proin eu neque nec nulla convallis malesuada nec ut elit. Nulla vestibulum magna ac nibh aliquam, sit amet elementum neque tincidunt. Donec sed tellus rutrum, congue nulla id, fermentum nisi. Fusce vel justo vestibulum, euismod lorem non, commodo ligula. Suspendisse vel arcu sapien./n/nSed vulputate eros sit amet odio molestie, eget gravida sapien dapibus. Aenean eget accumsan velit. Mauris eu augue velit. Ut tincidunt varius volutpat. Cras ullamcorper mi non justo venenatis, in bibendum quam tempus. Donec nec mauris ut augue vestibulum tempor. Aliquam id dolor bibendum, posuere justo et, varius neque. Cras vitae lacus ut nunc sodales hendrerit. Duis commodo risus a finibus fermentum. Vivamus quis tortor et lacus commodo vehicula./n/nDuis non consequat sapien. Curabitur vehicula dolor in dui molestie, vel viverra ex pharetra. Nulla facilisi. Nullam nec justo ex. Aliquam erat volutpat. Pellentesque habitant morbi tristique senectus et netus et malesuada fames ac turpis egestas. Duis quis placerat arcu. Aliquam condimentum neque non massa scelerisque commodo. Integer vehicula odio nec turpis pellentesque, et malesuada sapien venenatis. Etiam convallis risus nec justo scelerisque, vel ullamcorper tortor sodales. Suspendisse potenti. Vivamus vehicula nisi sit amet mi posuere posuere./n/nPellentesque habitant morbi tristique senectus et netus et malesuada fames ac turpis egestas. Mauris non venenatis elit. Donec mattis erat auctor, pharetra nunc vel, dapibus ligula. Nullam nec sapien nec dui commodo efficitur. Vivamus ullamcorper, lacus et accumsan posuere, lacus felis egestas turpis, et convallis ligula mi nec ante. Nulla pharetra orci sit amet quam ultricies varius. Sed ullamcorper lacinia sem, nec suscipit magna. Phasellus a metus eu leo vehicula vulputate id at metus. Sed dictum enim id diam fermentum, ac varius odio rutrum. Integer sit amet magna ut orci lacinia vehicula. Ut varius lacus eget enim efficitur dapibus. Suspendisse potenti. In hac habitasse platea dictumst. Sed vel purus a mi pellentesque dictum vitae id enim. Donec at ex dolor. Ut in tincidunt sapien. Integer ac nisl vehicula, rhoncus felis eget, euismod urna.','2024-06-17 16:00:00','Lugar 7','Dirección 7','Disponible','http://ejemplo.com/comprar7','/Recursos/Img/evento/event/evento10.png','/Recursos/Img/evento/flayer/recomendacion10.png',7,1),(11,'Evento 8','Lorem ipsum dolor sit amet, consectetur adipiscing elit. Sed sagittis erat id nisi convallis bibendum. Pellentesque at lacus ultricies, congue turpis sed, condimentum odio. Ut ac ligula eget nulla cursus congue ac quis mauris. Vestibulum sit amet dictum odio. Morbi aliquet erat eros, nec elementum ipsum auctor non. Nulla facilisi. Proin nec tincidunt libero. Sed eget aliquet velit. Mauris lobortis vehicula quam, ac consectetur turpis. Curabitur efficitur nisi eu urna elementum, id vulputate velit faucibus. Sed id nulla varius, vestibulum libero at, volutpat risus. Curabitur non pharetra risus. Ut a aliquet orci. Aenean condimentum congue eros, eget malesuada velit commodo at./n/nFusce at massa vel tellus consequat fringilla id vitae ligula. Integer vitae rutrum neque. Suspendisse potenti. Pellentesque non finibus eros. Proin eu neque nec nulla convallis malesuada nec ut elit. Nulla vestibulum magna ac nibh aliquam, sit amet elementum neque tincidunt. Donec sed tellus rutrum, congue nulla id, fermentum nisi. Fusce vel justo vestibulum, euismod lorem non, commodo ligula. Suspendisse vel arcu sapien./n/nSed vulputate eros sit amet odio molestie, eget gravida sapien dapibus. Aenean eget accumsan velit. Mauris eu augue velit. Ut tincidunt varius volutpat. Cras ullamcorper mi non justo venenatis, in bibendum quam tempus. Donec nec mauris ut augue vestibulum tempor. Aliquam id dolor bibendum, posuere justo et, varius neque. Cras vitae lacus ut nunc sodales hendrerit. Duis commodo risus a finibus fermentum. Vivamus quis tortor et lacus commodo vehicula./n/nDuis non consequat sapien. Curabitur vehicula dolor in dui molestie, vel viverra ex pharetra. Nulla facilisi. Nullam nec justo ex. Aliquam erat volutpat. Pellentesque habitant morbi tristique senectus et netus et malesuada fames ac turpis egestas. Duis quis placerat arcu. Aliquam condimentum neque non massa scelerisque commodo. Integer vehicula odio nec turpis pellentesque, et malesuada sapien venenatis. Etiam convallis risus nec justo scelerisque, vel ullamcorper tortor sodales. Suspendisse potenti. Vivamus vehicula nisi sit amet mi posuere posuere./n/nPellentesque habitant morbi tristique senectus et netus et malesuada fames ac turpis egestas. Mauris non venenatis elit. Donec mattis erat auctor, pharetra nunc vel, dapibus ligula. Nullam nec sapien nec dui commodo efficitur. Vivamus ullamcorper, lacus et accumsan posuere, lacus felis egestas turpis, et convallis ligula mi nec ante. Nulla pharetra orci sit amet quam ultricies varius. Sed ullamcorper lacinia sem, nec suscipit magna. Phasellus a metus eu leo vehicula vulputate id at metus. Sed dictum enim id diam fermentum, ac varius odio rutrum. Integer sit amet magna ut orci lacinia vehicula. Ut varius lacus eget enim efficitur dapibus. Suspendisse potenti. In hac habitasse platea dictumst. Sed vel purus a mi pellentesque dictum vitae id enim. Donec at ex dolor. Ut in tincidunt sapien. Integer ac nisl vehicula, rhoncus felis eget, euismod urna.','2024-06-18 17:00:00','Lugar 8','Dirección 8','Disponible','http://ejemplo.com/comprar8','/Recursos/Img/evento/event/evento11.png','/Recursos/Img/evento/flayer/recomendacion11.png',8,1),(12,'Evento 9','Lorem ipsum dolor sit amet, consectetur adipiscing elit. Sed sagittis erat id nisi convallis bibendum. Pellentesque at lacus ultricies, congue turpis sed, condimentum odio. Ut ac ligula eget nulla cursus congue ac quis mauris. Vestibulum sit amet dictum odio. Morbi aliquet erat eros, nec elementum ipsum auctor non. Nulla facilisi. Proin nec tincidunt libero. Sed eget aliquet velit. Mauris lobortis vehicula quam, ac consectetur turpis. Curabitur efficitur nisi eu urna elementum, id vulputate velit faucibus. Sed id nulla varius, vestibulum libero at, volutpat risus. Curabitur non pharetra risus. Ut a aliquet orci. Aenean condimentum congue eros, eget malesuada velit commodo at./n/nFusce at massa vel tellus consequat fringilla id vitae ligula. Integer vitae rutrum neque. Suspendisse potenti. Pellentesque non finibus eros. Proin eu neque nec nulla convallis malesuada nec ut elit. Nulla vestibulum magna ac nibh aliquam, sit amet elementum neque tincidunt. Donec sed tellus rutrum, congue nulla id, fermentum nisi. Fusce vel justo vestibulum, euismod lorem non, commodo ligula. Suspendisse vel arcu sapien./n/nSed vulputate eros sit amet odio molestie, eget gravida sapien dapibus. Aenean eget accumsan velit. Mauris eu augue velit. Ut tincidunt varius volutpat. Cras ullamcorper mi non justo venenatis, in bibendum quam tempus. Donec nec mauris ut augue vestibulum tempor. Aliquam id dolor bibendum, posuere justo et, varius neque. Cras vitae lacus ut nunc sodales hendrerit. Duis commodo risus a finibus fermentum. Vivamus quis tortor et lacus commodo vehicula./n/nDuis non consequat sapien. Curabitur vehicula dolor in dui molestie, vel viverra ex pharetra. Nulla facilisi. Nullam nec justo ex. Aliquam erat volutpat. Pellentesque habitant morbi tristique senectus et netus et malesuada fames ac turpis egestas. Duis quis placerat arcu. Aliquam condimentum neque non massa scelerisque commodo. Integer vehicula odio nec turpis pellentesque, et malesuada sapien venenatis. Etiam convallis risus nec justo scelerisque, vel ullamcorper tortor sodales. Suspendisse potenti. Vivamus vehicula nisi sit amet mi posuere posuere./n/nPellentesque habitant morbi tristique senectus et netus et malesuada fames ac turpis egestas. Mauris non venenatis elit. Donec mattis erat auctor, pharetra nunc vel, dapibus ligula. Nullam nec sapien nec dui commodo efficitur. Vivamus ullamcorper, lacus et accumsan posuere, lacus felis egestas turpis, et convallis ligula mi nec ante. Nulla pharetra orci sit amet quam ultricies varius. Sed ullamcorper lacinia sem, nec suscipit magna. Phasellus a metus eu leo vehicula vulputate id at metus. Sed dictum enim id diam fermentum, ac varius odio rutrum. Integer sit amet magna ut orci lacinia vehicula. Ut varius lacus eget enim efficitur dapibus. Suspendisse potenti. In hac habitasse platea dictumst. Sed vel purus a mi pellentesque dictum vitae id enim. Donec at ex dolor. Ut in tincidunt sapien. Integer ac nisl vehicula, rhoncus felis eget, euismod urna.','2024-06-19 18:00:00','Lugar 9','Dirección 9','Disponible','http://ejemplo.com/comprar9','/Recursos/Img/evento/event/evento12.png','/Recursos/Img/evento/flayer/recomendacion12.png',9,1),(13,'Evento 10','Lorem ipsum dolor sit amet, consectetur adipiscing elit. Sed sagittis erat id nisi convallis bibendum. Pellentesque at lacus ultricies, congue turpis sed, condimentum odio. Ut ac ligula eget nulla cursus congue ac quis mauris. Vestibulum sit amet dictum odio. Morbi aliquet erat eros, nec elementum ipsum auctor non. Nulla facilisi. Proin nec tincidunt libero. Sed eget aliquet velit. Mauris lobortis vehicula quam, ac consectetur turpis. Curabitur efficitur nisi eu urna elementum, id vulputate velit faucibus. Sed id nulla varius, vestibulum libero at, volutpat risus. Curabitur non pharetra risus. Ut a aliquet orci. Aenean condimentum congue eros, eget malesuada velit commodo at./n/nFusce at massa vel tellus consequat fringilla id vitae ligula. Integer vitae rutrum neque. Suspendisse potenti. Pellentesque non finibus eros. Proin eu neque nec nulla convallis malesuada nec ut elit. Nulla vestibulum magna ac nibh aliquam, sit amet elementum neque tincidunt. Donec sed tellus rutrum, congue nulla id, fermentum nisi. Fusce vel justo vestibulum, euismod lorem non, commodo ligula. Suspendisse vel arcu sapien./n/nSed vulputate eros sit amet odio molestie, eget gravida sapien dapibus. Aenean eget accumsan velit. Mauris eu augue velit. Ut tincidunt varius volutpat. Cras ullamcorper mi non justo venenatis, in bibendum quam tempus. Donec nec mauris ut augue vestibulum tempor. Aliquam id dolor bibendum, posuere justo et, varius neque. Cras vitae lacus ut nunc sodales hendrerit. Duis commodo risus a finibus fermentum. Vivamus quis tortor et lacus commodo vehicula./n/nDuis non consequat sapien. Curabitur vehicula dolor in dui molestie, vel viverra ex pharetra. Nulla facilisi. Nullam nec justo ex. Aliquam erat volutpat. Pellentesque habitant morbi tristique senectus et netus et malesuada fames ac turpis egestas. Duis quis placerat arcu. Aliquam condimentum neque non massa scelerisque commodo. Integer vehicula odio nec turpis pellentesque, et malesuada sapien venenatis. Etiam convallis risus nec justo scelerisque, vel ullamcorper tortor sodales. Suspendisse potenti. Vivamus vehicula nisi sit amet mi posuere posuere./n/nPellentesque habitant morbi tristique senectus et netus et malesuada fames ac turpis egestas. Mauris non venenatis elit. Donec mattis erat auctor, pharetra nunc vel, dapibus ligula. Nullam nec sapien nec dui commodo efficitur. Vivamus ullamcorper, lacus et accumsan posuere, lacus felis egestas turpis, et convallis ligula mi nec ante. Nulla pharetra orci sit amet quam ultricies varius. Sed ullamcorper lacinia sem, nec suscipit magna. Phasellus a metus eu leo vehicula vulputate id at metus. Sed dictum enim id diam fermentum, ac varius odio rutrum. Integer sit amet magna ut orci lacinia vehicula. Ut varius lacus eget enim efficitur dapibus. Suspendisse potenti. In hac habitasse platea dictumst. Sed vel purus a mi pellentesque dictum vitae id enim. Donec at ex dolor. Ut in tincidunt sapien. Integer ac nisl vehicula, rhoncus felis eget, euismod urna.','2024-06-20 19:00:00','Lugar 10','Dirección 10','Disponible','http://ejemplo.com/comprar10','/Recursos/Img/evento/event/evento13.png','/Recursos/Img/evento/flayer/recomendacion13.png',10,3),(14,'Evento 11','Lorem ipsum dolor sit amet, consectetur adipiscing elit. Sed sagittis erat id nisi convallis bibendum. Pellentesque at lacus ultricies, congue turpis sed, condimentum odio. Ut ac ligula eget nulla cursus congue ac quis mauris. Vestibulum sit amet dictum odio. Morbi aliquet erat eros, nec elementum ipsum auctor non. Nulla facilisi. Proin nec tincidunt libero. Sed eget aliquet velit. Mauris lobortis vehicula quam, ac consectetur turpis. Curabitur efficitur nisi eu urna elementum, id vulputate velit faucibus. Sed id nulla varius, vestibulum libero at, volutpat risus. Curabitur non pharetra risus. Ut a aliquet orci. Aenean condimentum congue eros, eget malesuada velit commodo at./n/nFusce at massa vel tellus consequat fringilla id vitae ligula. Integer vitae rutrum neque. Suspendisse potenti. Pellentesque non finibus eros. Proin eu neque nec nulla convallis malesuada nec ut elit. Nulla vestibulum magna ac nibh aliquam, sit amet elementum neque tincidunt. Donec sed tellus rutrum, congue nulla id, fermentum nisi. Fusce vel justo vestibulum, euismod lorem non, commodo ligula. Suspendisse vel arcu sapien./n/nSed vulputate eros sit amet odio molestie, eget gravida sapien dapibus. Aenean eget accumsan velit. Mauris eu augue velit. Ut tincidunt varius volutpat. Cras ullamcorper mi non justo venenatis, in bibendum quam tempus. Donec nec mauris ut augue vestibulum tempor. Aliquam id dolor bibendum, posuere justo et, varius neque. Cras vitae lacus ut nunc sodales hendrerit. Duis commodo risus a finibus fermentum. Vivamus quis tortor et lacus commodo vehicula./n/nDuis non consequat sapien. Curabitur vehicula dolor in dui molestie, vel viverra ex pharetra. Nulla facilisi. Nullam nec justo ex. Aliquam erat volutpat. Pellentesque habitant morbi tristique senectus et netus et malesuada fames ac turpis egestas. Duis quis placerat arcu. Aliquam condimentum neque non massa scelerisque commodo. Integer vehicula odio nec turpis pellentesque, et malesuada sapien venenatis. Etiam convallis risus nec justo scelerisque, vel ullamcorper tortor sodales. Suspendisse potenti. Vivamus vehicula nisi sit amet mi posuere posuere./n/nPellentesque habitant morbi tristique senectus et netus et malesuada fames ac turpis egestas. Mauris non venenatis elit. Donec mattis erat auctor, pharetra nunc vel, dapibus ligula. Nullam nec sapien nec dui commodo efficitur. Vivamus ullamcorper, lacus et accumsan posuere, lacus felis egestas turpis, et convallis ligula mi nec ante. Nulla pharetra orci sit amet quam ultricies varius. Sed ullamcorper lacinia sem, nec suscipit magna. Phasellus a metus eu leo vehicula vulputate id at metus. Sed dictum enim id diam fermentum, ac varius odio rutrum. Integer sit amet magna ut orci lacinia vehicula. Ut varius lacus eget enim efficitur dapibus. Suspendisse potenti. In hac habitasse platea dictumst. Sed vel purus a mi pellentesque dictum vitae id enim. Donec at ex dolor. Ut in tincidunt sapien. Integer ac nisl vehicula, rhoncus felis eget, euismod urna.','2024-06-21 20:00:00','Lugar 11','Dirección 11','Disponible','http://ejemplo.com/comprar11','/Recursos/Img/evento/event/evento14.png','/Recursos/Img/evento/flayer/recomendacion14.png',11,3),(15,'Evento 12','Lorem ipsum dolor sit amet, consectetur adipiscing elit. Sed sagittis erat id nisi convallis bibendum. Pellentesque at lacus ultricies, congue turpis sed, condimentum odio. Ut ac ligula eget nulla cursus congue ac quis mauris. Vestibulum sit amet dictum odio. Morbi aliquet erat eros, nec elementum ipsum auctor non. Nulla facilisi. Proin nec tincidunt libero. Sed eget aliquet velit. Mauris lobortis vehicula quam, ac consectetur turpis. Curabitur efficitur nisi eu urna elementum, id vulputate velit faucibus. Sed id nulla varius, vestibulum libero at, volutpat risus. Curabitur non pharetra risus. Ut a aliquet orci. Aenean condimentum congue eros, eget malesuada velit commodo at./n/nFusce at massa vel tellus consequat fringilla id vitae ligula. Integer vitae rutrum neque. Suspendisse potenti. Pellentesque non finibus eros. Proin eu neque nec nulla convallis malesuada nec ut elit. Nulla vestibulum magna ac nibh aliquam, sit amet elementum neque tincidunt. Donec sed tellus rutrum, congue nulla id, fermentum nisi. Fusce vel justo vestibulum, euismod lorem non, commodo ligula. Suspendisse vel arcu sapien./n/nSed vulputate eros sit amet odio molestie, eget gravida sapien dapibus. Aenean eget accumsan velit. Mauris eu augue velit. Ut tincidunt varius volutpat. Cras ullamcorper mi non justo venenatis, in bibendum quam tempus. Donec nec mauris ut augue vestibulum tempor. Aliquam id dolor bibendum, posuere justo et, varius neque. Cras vitae lacus ut nunc sodales hendrerit. Duis commodo risus a finibus fermentum. Vivamus quis tortor et lacus commodo vehicula./n/nDuis non consequat sapien. Curabitur vehicula dolor in dui molestie, vel viverra ex pharetra. Nulla facilisi. Nullam nec justo ex. Aliquam erat volutpat. Pellentesque habitant morbi tristique senectus et netus et malesuada fames ac turpis egestas. Duis quis placerat arcu. Aliquam condimentum neque non massa scelerisque commodo. Integer vehicula odio nec turpis pellentesque, et malesuada sapien venenatis. Etiam convallis risus nec justo scelerisque, vel ullamcorper tortor sodales. Suspendisse potenti. Vivamus vehicula nisi sit amet mi posuere posuere./n/nPellentesque habitant morbi tristique senectus et netus et malesuada fames ac turpis egestas. Mauris non venenatis elit. Donec mattis erat auctor, pharetra nunc vel, dapibus ligula. Nullam nec sapien nec dui commodo efficitur. Vivamus ullamcorper, lacus et accumsan posuere, lacus felis egestas turpis, et convallis ligula mi nec ante. Nulla pharetra orci sit amet quam ultricies varius. Sed ullamcorper lacinia sem, nec suscipit magna. Phasellus a metus eu leo vehicula vulputate id at metus. Sed dictum enim id diam fermentum, ac varius odio rutrum. Integer sit amet magna ut orci lacinia vehicula. Ut varius lacus eget enim efficitur dapibus. Suspendisse potenti. In hac habitasse platea dictumst. Sed vel purus a mi pellentesque dictum vitae id enim. Donec at ex dolor. Ut in tincidunt sapien. Integer ac nisl vehicula, rhoncus felis eget, euismod urna.','2024-06-22 21:00:00','Lugar 12','Dirección 12','Disponible','http://ejemplo.com/comprar12','/Recursos/Img/evento/event/evento15.png','/Recursos/Img/evento/flayer/recomendacion15.png',12,3),(16,'Evento 13','Lorem ipsum dolor sit amet, consectetur adipiscing elit. Sed sagittis erat id nisi convallis bibendum. Pellentesque at lacus ultricies, congue turpis sed, condimentum odio. Ut ac ligula eget nulla cursus congue ac quis mauris. Vestibulum sit amet dictum odio. Morbi aliquet erat eros, nec elementum ipsum auctor non. Nulla facilisi. Proin nec tincidunt libero. Sed eget aliquet velit. Mauris lobortis vehicula quam, ac consectetur turpis. Curabitur efficitur nisi eu urna elementum, id vulputate velit faucibus. Sed id nulla varius, vestibulum libero at, volutpat risus. Curabitur non pharetra risus. Ut a aliquet orci. Aenean condimentum congue eros, eget malesuada velit commodo at./n/nFusce at massa vel tellus consequat fringilla id vitae ligula. Integer vitae rutrum neque. Suspendisse potenti. Pellentesque non finibus eros. Proin eu neque nec nulla convallis malesuada nec ut elit. Nulla vestibulum magna ac nibh aliquam, sit amet elementum neque tincidunt. Donec sed tellus rutrum, congue nulla id, fermentum nisi. Fusce vel justo vestibulum, euismod lorem non, commodo ligula. Suspendisse vel arcu sapien./n/nSed vulputate eros sit amet odio molestie, eget gravida sapien dapibus. Aenean eget accumsan velit. Mauris eu augue velit. Ut tincidunt varius volutpat. Cras ullamcorper mi non justo venenatis, in bibendum quam tempus. Donec nec mauris ut augue vestibulum tempor. Aliquam id dolor bibendum, posuere justo et, varius neque. Cras vitae lacus ut nunc sodales hendrerit. Duis commodo risus a finibus fermentum. Vivamus quis tortor et lacus commodo vehicula./n/nDuis non consequat sapien. Curabitur vehicula dolor in dui molestie, vel viverra ex pharetra. Nulla facilisi. Nullam nec justo ex. Aliquam erat volutpat. Pellentesque habitant morbi tristique senectus et netus et malesuada fames ac turpis egestas. Duis quis placerat arcu. Aliquam condimentum neque non massa scelerisque commodo. Integer vehicula odio nec turpis pellentesque, et malesuada sapien venenatis. Etiam convallis risus nec justo scelerisque, vel ullamcorper tortor sodales. Suspendisse potenti. Vivamus vehicula nisi sit amet mi posuere posuere./n/nPellentesque habitant morbi tristique senectus et netus et malesuada fames ac turpis egestas. Mauris non venenatis elit. Donec mattis erat auctor, pharetra nunc vel, dapibus ligula. Nullam nec sapien nec dui commodo efficitur. Vivamus ullamcorper, lacus et accumsan posuere, lacus felis egestas turpis, et convallis ligula mi nec ante. Nulla pharetra orci sit amet quam ultricies varius. Sed ullamcorper lacinia sem, nec suscipit magna. Phasellus a metus eu leo vehicula vulputate id at metus. Sed dictum enim id diam fermentum, ac varius odio rutrum. Integer sit amet magna ut orci lacinia vehicula. Ut varius lacus eget enim efficitur dapibus. Suspendisse potenti. In hac habitasse platea dictumst. Sed vel purus a mi pellentesque dictum vitae id enim. Donec at ex dolor. Ut in tincidunt sapien. Integer ac nisl vehicula, rhoncus felis eget, euismod urna.','2024-06-23 22:00:00','Lugar 13','Dirección 13','Disponible','http://ejemplo.com/comprar13','/Recursos/Img/evento/event/evento16.png','/Recursos/Img/evento/flayer/recomendacion16.png',13,2),(17,'Evento 14','Lorem ipsum dolor sit amet, consectetur adipiscing elit. Sed sagittis erat id nisi convallis bibendum. Pellentesque at lacus ultricies, congue turpis sed, condimentum odio. Ut ac ligula eget nulla cursus congue ac quis mauris. Vestibulum sit amet dictum odio. Morbi aliquet erat eros, nec elementum ipsum auctor non. Nulla facilisi. Proin nec tincidunt libero. Sed eget aliquet velit. Mauris lobortis vehicula quam, ac consectetur turpis. Curabitur efficitur nisi eu urna elementum, id vulputate velit faucibus. Sed id nulla varius, vestibulum libero at, volutpat risus. Curabitur non pharetra risus. Ut a aliquet orci. Aenean condimentum congue eros, eget malesuada velit commodo at./n/nFusce at massa vel tellus consequat fringilla id vitae ligula. Integer vitae rutrum neque. Suspendisse potenti. Pellentesque non finibus eros. Proin eu neque nec nulla convallis malesuada nec ut elit. Nulla vestibulum magna ac nibh aliquam, sit amet elementum neque tincidunt. Donec sed tellus rutrum, congue nulla id, fermentum nisi. Fusce vel justo vestibulum, euismod lorem non, commodo ligula. Suspendisse vel arcu sapien./n/nSed vulputate eros sit amet odio molestie, eget gravida sapien dapibus. Aenean eget accumsan velit. Mauris eu augue velit. Ut tincidunt varius volutpat. Cras ullamcorper mi non justo venenatis, in bibendum quam tempus. Donec nec mauris ut augue vestibulum tempor. Aliquam id dolor bibendum, posuere justo et, varius neque. Cras vitae lacus ut nunc sodales hendrerit. Duis commodo risus a finibus fermentum. Vivamus quis tortor et lacus commodo vehicula./n/nDuis non consequat sapien. Curabitur vehicula dolor in dui molestie, vel viverra ex pharetra. Nulla facilisi. Nullam nec justo ex. Aliquam erat volutpat. Pellentesque habitant morbi tristique senectus et netus et malesuada fames ac turpis egestas. Duis quis placerat arcu. Aliquam condimentum neque non massa scelerisque commodo. Integer vehicula odio nec turpis pellentesque, et malesuada sapien venenatis. Etiam convallis risus nec justo scelerisque, vel ullamcorper tortor sodales. Suspendisse potenti. Vivamus vehicula nisi sit amet mi posuere posuere./n/nPellentesque habitant morbi tristique senectus et netus et malesuada fames ac turpis egestas. Mauris non venenatis elit. Donec mattis erat auctor, pharetra nunc vel, dapibus ligula. Nullam nec sapien nec dui commodo efficitur. Vivamus ullamcorper, lacus et accumsan posuere, lacus felis egestas turpis, et convallis ligula mi nec ante. Nulla pharetra orci sit amet quam ultricies varius. Sed ullamcorper lacinia sem, nec suscipit magna. Phasellus a metus eu leo vehicula vulputate id at metus. Sed dictum enim id diam fermentum, ac varius odio rutrum. Integer sit amet magna ut orci lacinia vehicula. Ut varius lacus eget enim efficitur dapibus. Suspendisse potenti. In hac habitasse platea dictumst. Sed vel purus a mi pellentesque dictum vitae id enim. Donec at ex dolor. Ut in tincidunt sapien. Integer ac nisl vehicula, rhoncus felis eget, euismod urna.','2024-06-24 23:00:00','Lugar 14','Dirección 14','Disponible','http://ejemplo.com/comprar14','/Recursos/Img/evento/event/evento17.png','/Recursos/Img/evento/flayer/recomendacion17.png',14,2),(18,'Evento 15','Lorem ipsum dolor sit amet, consectetur adipiscing elit. Sed sagittis erat id nisi convallis bibendum. Pellentesque at lacus ultricies, congue turpis sed, condimentum odio. Ut ac ligula eget nulla cursus congue ac quis mauris. Vestibulum sit amet dictum odio. Morbi aliquet erat eros, nec elementum ipsum auctor non. Nulla facilisi. Proin nec tincidunt libero. Sed eget aliquet velit. Mauris lobortis vehicula quam, ac consectetur turpis. Curabitur efficitur nisi eu urna elementum, id vulputate velit faucibus. Sed id nulla varius, vestibulum libero at, volutpat risus. Curabitur non pharetra risus. Ut a aliquet orci. Aenean condimentum congue eros, eget malesuada velit commodo at./n/nFusce at massa vel tellus consequat fringilla id vitae ligula. Integer vitae rutrum neque. Suspendisse potenti. Pellentesque non finibus eros. Proin eu neque nec nulla convallis malesuada nec ut elit. Nulla vestibulum magna ac nibh aliquam, sit amet elementum neque tincidunt. Donec sed tellus rutrum, congue nulla id, fermentum nisi. Fusce vel justo vestibulum, euismod lorem non, commodo ligula. Suspendisse vel arcu sapien./n/nSed vulputate eros sit amet odio molestie, eget gravida sapien dapibus. Aenean eget accumsan velit. Mauris eu augue velit. Ut tincidunt varius volutpat. Cras ullamcorper mi non justo venenatis, in bibendum quam tempus. Donec nec mauris ut augue vestibulum tempor. Aliquam id dolor bibendum, posuere justo et, varius neque. Cras vitae lacus ut nunc sodales hendrerit. Duis commodo risus a finibus fermentum. Vivamus quis tortor et lacus commodo vehicula./n/nDuis non consequat sapien. Curabitur vehicula dolor in dui molestie, vel viverra ex pharetra. Nulla facilisi. Nullam nec justo ex. Aliquam erat volutpat. Pellentesque habitant morbi tristique senectus et netus et malesuada fames ac turpis egestas. Duis quis placerat arcu. Aliquam condimentum neque non massa scelerisque commodo. Integer vehicula odio nec turpis pellentesque, et malesuada sapien venenatis. Etiam convallis risus nec justo scelerisque, vel ullamcorper tortor sodales. Suspendisse potenti. Vivamus vehicula nisi sit amet mi posuere posuere./n/nPellentesque habitant morbi tristique senectus et netus et malesuada fames ac turpis egestas. Mauris non venenatis elit. Donec mattis erat auctor, pharetra nunc vel, dapibus ligula. Nullam nec sapien nec dui commodo efficitur. Vivamus ullamcorper, lacus et accumsan posuere, lacus felis egestas turpis, et convallis ligula mi nec ante. Nulla pharetra orci sit amet quam ultricies varius. Sed ullamcorper lacinia sem, nec suscipit magna. Phasellus a metus eu leo vehicula vulputate id at metus. Sed dictum enim id diam fermentum, ac varius odio rutrum. Integer sit amet magna ut orci lacinia vehicula. Ut varius lacus eget enim efficitur dapibus. Suspendisse potenti. In hac habitasse platea dictumst. Sed vel purus a mi pellentesque dictum vitae id enim. Donec at ex dolor. Ut in tincidunt sapien. Integer ac nisl vehicula, rhoncus felis eget, euismod urna.','2024-06-25 12:00:00','Lugar 15','Dirección 15','Disponible','http://ejemplo.com/comprar15','/Recursos/Img/evento/event/evento18.png','/Recursos/Img/evento/flayer/recomendacion18.png',15,2),(19,'Evento 16','Lorem ipsum dolor sit amet, consectetur adipiscing elit. Sed sagittis erat id nisi convallis bibendum. Pellentesque at lacus ultricies, congue turpis sed, condimentum odio. Ut ac ligula eget nulla cursus congue ac quis mauris. Vestibulum sit amet dictum odio. Morbi aliquet erat eros, nec elementum ipsum auctor non. Nulla facilisi. Proin nec tincidunt libero. Sed eget aliquet velit. Mauris lobortis vehicula quam, ac consectetur turpis. Curabitur efficitur nisi eu urna elementum, id vulputate velit faucibus. Sed id nulla varius, vestibulum libero at, volutpat risus. Curabitur non pharetra risus. Ut a aliquet orci. Aenean condimentum congue eros, eget malesuada velit commodo at./n/nFusce at massa vel tellus consequat fringilla id vitae ligula. Integer vitae rutrum neque. Suspendisse potenti. Pellentesque non finibus eros. Proin eu neque nec nulla convallis malesuada nec ut elit. Nulla vestibulum magna ac nibh aliquam, sit amet elementum neque tincidunt. Donec sed tellus rutrum, congue nulla id, fermentum nisi. Fusce vel justo vestibulum, euismod lorem non, commodo ligula. Suspendisse vel arcu sapien./n/nSed vulputate eros sit amet odio molestie, eget gravida sapien dapibus. Aenean eget accumsan velit. Mauris eu augue velit. Ut tincidunt varius volutpat. Cras ullamcorper mi non justo venenatis, in bibendum quam tempus. Donec nec mauris ut augue vestibulum tempor. Aliquam id dolor bibendum, posuere justo et, varius neque. Cras vitae lacus ut nunc sodales hendrerit. Duis commodo risus a finibus fermentum. Vivamus quis tortor et lacus commodo vehicula./n/nDuis non consequat sapien. Curabitur vehicula dolor in dui molestie, vel viverra ex pharetra. Nulla facilisi. Nullam nec justo ex. Aliquam erat volutpat. Pellentesque habitant morbi tristique senectus et netus et malesuada fames ac turpis egestas. Duis quis placerat arcu. Aliquam condimentum neque non massa scelerisque commodo. Integer vehicula odio nec turpis pellentesque, et malesuada sapien venenatis. Etiam convallis risus nec justo scelerisque, vel ullamcorper tortor sodales. Suspendisse potenti. Vivamus vehicula nisi sit amet mi posuere posuere./n/nPellentesque habitant morbi tristique senectus et netus et malesuada fames ac turpis egestas. Mauris non venenatis elit. Donec mattis erat auctor, pharetra nunc vel, dapibus ligula. Nullam nec sapien nec dui commodo efficitur. Vivamus ullamcorper, lacus et accumsan posuere, lacus felis egestas turpis, et convallis ligula mi nec ante. Nulla pharetra orci sit amet quam ultricies varius. Sed ullamcorper lacinia sem, nec suscipit magna. Phasellus a metus eu leo vehicula vulputate id at metus. Sed dictum enim id diam fermentum, ac varius odio rutrum. Integer sit amet magna ut orci lacinia vehicula. Ut varius lacus eget enim efficitur dapibus. Suspendisse potenti. In hac habitasse platea dictumst. Sed vel purus a mi pellentesque dictum vitae id enim. Donec at ex dolor. Ut in tincidunt sapien. Integer ac nisl vehicula, rhoncus felis eget, euismod urna.','2024-06-26 13:00:00','Lugar 16','Dirección 16','Disponible','http://ejemplo.com/comprar16','/Recursos/Img/evento/event/evento19.png','/Recursos/Img/evento/flayer/recomendacion19.png',16,2),(20,'Evento 17','Lorem ipsum dolor sit amet, consectetur adipiscing elit. Sed sagittis erat id nisi convallis bibendum. Pellentesque at lacus ultricies, congue turpis sed, condimentum odio. Ut ac ligula eget nulla cursus congue ac quis mauris. Vestibulum sit amet dictum odio. Morbi aliquet erat eros, nec elementum ipsum auctor non. Nulla facilisi. Proin nec tincidunt libero. Sed eget aliquet velit. Mauris lobortis vehicula quam, ac consectetur turpis. Curabitur efficitur nisi eu urna elementum, id vulputate velit faucibus. Sed id nulla varius, vestibulum libero at, volutpat risus. Curabitur non pharetra risus. Ut a aliquet orci. Aenean condimentum congue eros, eget malesuada velit commodo at./n/nFusce at massa vel tellus consequat fringilla id vitae ligula. Integer vitae rutrum neque. Suspendisse potenti. Pellentesque non finibus eros. Proin eu neque nec nulla convallis malesuada nec ut elit. Nulla vestibulum magna ac nibh aliquam, sit amet elementum neque tincidunt. Donec sed tellus rutrum, congue nulla id, fermentum nisi. Fusce vel justo vestibulum, euismod lorem non, commodo ligula. Suspendisse vel arcu sapien./n/nSed vulputate eros sit amet odio molestie, eget gravida sapien dapibus. Aenean eget accumsan velit. Mauris eu augue velit. Ut tincidunt varius volutpat. Cras ullamcorper mi non justo venenatis, in bibendum quam tempus. Donec nec mauris ut augue vestibulum tempor. Aliquam id dolor bibendum, posuere justo et, varius neque. Cras vitae lacus ut nunc sodales hendrerit. Duis commodo risus a finibus fermentum. Vivamus quis tortor et lacus commodo vehicula./n/nDuis non consequat sapien. Curabitur vehicula dolor in dui molestie, vel viverra ex pharetra. Nulla facilisi. Nullam nec justo ex. Aliquam erat volutpat. Pellentesque habitant morbi tristique senectus et netus et malesuada fames ac turpis egestas. Duis quis placerat arcu. Aliquam condimentum neque non massa scelerisque commodo. Integer vehicula odio nec turpis pellentesque, et malesuada sapien venenatis. Etiam convallis risus nec justo scelerisque, vel ullamcorper tortor sodales. Suspendisse potenti. Vivamus vehicula nisi sit amet mi posuere posuere./n/nPellentesque habitant morbi tristique senectus et netus et malesuada fames ac turpis egestas. Mauris non venenatis elit. Donec mattis erat auctor, pharetra nunc vel, dapibus ligula. Nullam nec sapien nec dui commodo efficitur. Vivamus ullamcorper, lacus et accumsan posuere, lacus felis egestas turpis, et convallis ligula mi nec ante. Nulla pharetra orci sit amet quam ultricies varius. Sed ullamcorper lacinia sem, nec suscipit magna. Phasellus a metus eu leo vehicula vulputate id at metus. Sed dictum enim id diam fermentum, ac varius odio rutrum. Integer sit amet magna ut orci lacinia vehicula. Ut varius lacus eget enim efficitur dapibus. Suspendisse potenti. In hac habitasse platea dictumst. Sed vel purus a mi pellentesque dictum vitae id enim. Donec at ex dolor. Ut in tincidunt sapien. Integer ac nisl vehicula, rhoncus felis eget, euismod urna.','2024-06-27 14:00:00','Lugar 17','Dirección 17','Disponible','http://ejemplo.com/comprar17','/Recursos/Img/evento/event/evento20.png','/Recursos/Img/evento/flayer/recomendacion20.png',17,2),(21,'Evento 18','Lorem ipsum dolor sit amet, consectetur adipiscing elit. Sed sagittis erat id nisi convallis bibendum. Pellentesque at lacus ultricies, congue turpis sed, condimentum odio. Ut ac ligula eget nulla cursus congue ac quis mauris. Vestibulum sit amet dictum odio. Morbi aliquet erat eros, nec elementum ipsum auctor non. Nulla facilisi. Proin nec tincidunt libero. Sed eget aliquet velit. Mauris lobortis vehicula quam, ac consectetur turpis. Curabitur efficitur nisi eu urna elementum, id vulputate velit faucibus. Sed id nulla varius, vestibulum libero at, volutpat risus. Curabitur non pharetra risus. Ut a aliquet orci. Aenean condimentum congue eros, eget malesuada velit commodo at./n/nFusce at massa vel tellus consequat fringilla id vitae ligula. Integer vitae rutrum neque. Suspendisse potenti. Pellentesque non finibus eros. Proin eu neque nec nulla convallis malesuada nec ut elit. Nulla vestibulum magna ac nibh aliquam, sit amet elementum neque tincidunt. Donec sed tellus rutrum, congue nulla id, fermentum nisi. Fusce vel justo vestibulum, euismod lorem non, commodo ligula. Suspendisse vel arcu sapien./n/nSed vulputate eros sit amet odio molestie, eget gravida sapien dapibus. Aenean eget accumsan velit. Mauris eu augue velit. Ut tincidunt varius volutpat. Cras ullamcorper mi non justo venenatis, in bibendum quam tempus. Donec nec mauris ut augue vestibulum tempor. Aliquam id dolor bibendum, posuere justo et, varius neque. Cras vitae lacus ut nunc sodales hendrerit. Duis commodo risus a finibus fermentum. Vivamus quis tortor et lacus commodo vehicula./n/nDuis non consequat sapien. Curabitur vehicula dolor in dui molestie, vel viverra ex pharetra. Nulla facilisi. Nullam nec justo ex. Aliquam erat volutpat. Pellentesque habitant morbi tristique senectus et netus et malesuada fames ac turpis egestas. Duis quis placerat arcu. Aliquam condimentum neque non massa scelerisque commodo. Integer vehicula odio nec turpis pellentesque, et malesuada sapien venenatis. Etiam convallis risus nec justo scelerisque, vel ullamcorper tortor sodales. Suspendisse potenti. Vivamus vehicula nisi sit amet mi posuere posuere./n/nPellentesque habitant morbi tristique senectus et netus et malesuada fames ac turpis egestas. Mauris non venenatis elit. Donec mattis erat auctor, pharetra nunc vel, dapibus ligula. Nullam nec sapien nec dui commodo efficitur. Vivamus ullamcorper, lacus et accumsan posuere, lacus felis egestas turpis, et convallis ligula mi nec ante. Nulla pharetra orci sit amet quam ultricies varius. Sed ullamcorper lacinia sem, nec suscipit magna. Phasellus a metus eu leo vehicula vulputate id at metus. Sed dictum enim id diam fermentum, ac varius odio rutrum. Integer sit amet magna ut orci lacinia vehicula. Ut varius lacus eget enim efficitur dapibus. Suspendisse potenti. In hac habitasse platea dictumst. Sed vel purus a mi pellentesque dictum vitae id enim. Donec at ex dolor. Ut in tincidunt sapien. Integer ac nisl vehicula, rhoncus felis eget, euismod urna.','2024-06-28 15:00:00','Lugar 18','Dirección 18','Disponible','http://ejemplo.com/comprar18','/Recursos/Img/evento/event/evento21.png','/Recursos/Img/evento/flayer/recomendacion21.png',18,2),(22,'Evento 19','Lorem ipsum dolor sit amet, consectetur adipiscing elit. Sed sagittis erat id nisi convallis bibendum. Pellentesque at lacus ultricies, congue turpis sed, condimentum odio. Ut ac ligula eget nulla cursus congue ac quis mauris. Vestibulum sit amet dictum odio. Morbi aliquet erat eros, nec elementum ipsum auctor non. Nulla facilisi. Proin nec tincidunt libero. Sed eget aliquet velit. Mauris lobortis vehicula quam, ac consectetur turpis. Curabitur efficitur nisi eu urna elementum, id vulputate velit faucibus. Sed id nulla varius, vestibulum libero at, volutpat risus. Curabitur non pharetra risus. Ut a aliquet orci. Aenean condimentum congue eros, eget malesuada velit commodo at./n/nFusce at massa vel tellus consequat fringilla id vitae ligula. Integer vitae rutrum neque. Suspendisse potenti. Pellentesque non finibus eros. Proin eu neque nec nulla convallis malesuada nec ut elit. Nulla vestibulum magna ac nibh aliquam, sit amet elementum neque tincidunt. Donec sed tellus rutrum, congue nulla id, fermentum nisi. Fusce vel justo vestibulum, euismod lorem non, commodo ligula. Suspendisse vel arcu sapien./n/nSed vulputate eros sit amet odio molestie, eget gravida sapien dapibus. Aenean eget accumsan velit. Mauris eu augue velit. Ut tincidunt varius volutpat. Cras ullamcorper mi non justo venenatis, in bibendum quam tempus. Donec nec mauris ut augue vestibulum tempor. Aliquam id dolor bibendum, posuere justo et, varius neque. Cras vitae lacus ut nunc sodales hendrerit. Duis commodo risus a finibus fermentum. Vivamus quis tortor et lacus commodo vehicula./n/nDuis non consequat sapien. Curabitur vehicula dolor in dui molestie, vel viverra ex pharetra. Nulla facilisi. Nullam nec justo ex. Aliquam erat volutpat. Pellentesque habitant morbi tristique senectus et netus et malesuada fames ac turpis egestas. Duis quis placerat arcu. Aliquam condimentum neque non massa scelerisque commodo. Integer vehicula odio nec turpis pellentesque, et malesuada sapien venenatis. Etiam convallis risus nec justo scelerisque, vel ullamcorper tortor sodales. Suspendisse potenti. Vivamus vehicula nisi sit amet mi posuere posuere./n/nPellentesque habitant morbi tristique senectus et netus et malesuada fames ac turpis egestas. Mauris non venenatis elit. Donec mattis erat auctor, pharetra nunc vel, dapibus ligula. Nullam nec sapien nec dui commodo efficitur. Vivamus ullamcorper, lacus et accumsan posuere, lacus felis egestas turpis, et convallis ligula mi nec ante. Nulla pharetra orci sit amet quam ultricies varius. Sed ullamcorper lacinia sem, nec suscipit magna. Phasellus a metus eu leo vehicula vulputate id at metus. Sed dictum enim id diam fermentum, ac varius odio rutrum. Integer sit amet magna ut orci lacinia vehicula. Ut varius lacus eget enim efficitur dapibus. Suspendisse potenti. In hac habitasse platea dictumst. Sed vel purus a mi pellentesque dictum vitae id enim. Donec at ex dolor. Ut in tincidunt sapien. Integer ac nisl vehicula, rhoncus felis eget, euismod urna.','2024-06-29 16:00:00','Lugar 19','Dirección 19','Disponible','http://ejemplo.com/comprar19','/Recursos/Img/evento/event/evento22.png','/Recursos/Img/evento/flayer/recomendacion22.png',19,2),(23,'Evento 20','Lorem ipsum dolor sit amet, consectetur adipiscing elit. Sed sagittis erat id nisi convallis bibendum. Pellentesque at lacus ultricies, congue turpis sed, condimentum odio. Ut ac ligula eget nulla cursus congue ac quis mauris. Vestibulum sit amet dictum odio. Morbi aliquet erat eros, nec elementum ipsum auctor non. Nulla facilisi. Proin nec tincidunt libero. Sed eget aliquet velit. Mauris lobortis vehicula quam, ac consectetur turpis. Curabitur efficitur nisi eu urna elementum, id vulputate velit faucibus. Sed id nulla varius, vestibulum libero at, volutpat risus. Curabitur non pharetra risus. Ut a aliquet orci. Aenean condimentum congue eros, eget malesuada velit commodo at./n/nFusce at massa vel tellus consequat fringilla id vitae ligula. Integer vitae rutrum neque. Suspendisse potenti. Pellentesque non finibus eros. Proin eu neque nec nulla convallis malesuada nec ut elit. Nulla vestibulum magna ac nibh aliquam, sit amet elementum neque tincidunt. Donec sed tellus rutrum, congue nulla id, fermentum nisi. Fusce vel justo vestibulum, euismod lorem non, commodo ligula. Suspendisse vel arcu sapien./n/nSed vulputate eros sit amet odio molestie, eget gravida sapien dapibus. Aenean eget accumsan velit. Mauris eu augue velit. Ut tincidunt varius volutpat. Cras ullamcorper mi non justo venenatis, in bibendum quam tempus. Donec nec mauris ut augue vestibulum tempor. Aliquam id dolor bibendum, posuere justo et, varius neque. Cras vitae lacus ut nunc sodales hendrerit. Duis commodo risus a finibus fermentum. Vivamus quis tortor et lacus commodo vehicula./n/nDuis non consequat sapien. Curabitur vehicula dolor in dui molestie, vel viverra ex pharetra. Nulla facilisi. Nullam nec justo ex. Aliquam erat volutpat. Pellentesque habitant morbi tristique senectus et netus et malesuada fames ac turpis egestas. Duis quis placerat arcu. Aliquam condimentum neque non massa scelerisque commodo. Integer vehicula odio nec turpis pellentesque, et malesuada sapien venenatis. Etiam convallis risus nec justo scelerisque, vel ullamcorper tortor sodales. Suspendisse potenti. Vivamus vehicula nisi sit amet mi posuere posuere./n/nPellentesque habitant morbi tristique senectus et netus et malesuada fames ac turpis egestas. Mauris non venenatis elit. Donec mattis erat auctor, pharetra nunc vel, dapibus ligula. Nullam nec sapien nec dui commodo efficitur. Vivamus ullamcorper, lacus et accumsan posuere, lacus felis egestas turpis, et convallis ligula mi nec ante. Nulla pharetra orci sit amet quam ultricies varius. Sed ullamcorper lacinia sem, nec suscipit magna. Phasellus a metus eu leo vehicula vulputate id at metus. Sed dictum enim id diam fermentum, ac varius odio rutrum. Integer sit amet magna ut orci lacinia vehicula. Ut varius lacus eget enim efficitur dapibus. Suspendisse potenti. In hac habitasse platea dictumst. Sed vel purus a mi pellentesque dictum vitae id enim. Donec at ex dolor. Ut in tincidunt sapien. Integer ac nisl vehicula, rhoncus felis eget, euismod urna.','2024-06-30 17:00:00','Lugar 20','Dirección 20','Disponible','http://ejemplo.com/comprar20','/Recursos/Img/evento/event/evento23.png','/Recursos/Img/evento/flayer/recomendacion23.png',20,1),(24,'Evento 21','Lorem ipsum dolor sit amet, consectetur adipiscing elit. Sed sagittis erat id nisi convallis bibendum. Pellentesque at lacus ultricies, congue turpis sed, condimentum odio. Ut ac ligula eget nulla cursus congue ac quis mauris. Vestibulum sit amet dictum odio. Morbi aliquet erat eros, nec elementum ipsum auctor non. Nulla facilisi. Proin nec tincidunt libero. Sed eget aliquet velit. Mauris lobortis vehicula quam, ac consectetur turpis. Curabitur efficitur nisi eu urna elementum, id vulputate velit faucibus. Sed id nulla varius, vestibulum libero at, volutpat risus. Curabitur non pharetra risus. Ut a aliquet orci. Aenean condimentum congue eros, eget malesuada velit commodo at./n/nFusce at massa vel tellus consequat fringilla id vitae ligula. Integer vitae rutrum neque. Suspendisse potenti. Pellentesque non finibus eros. Proin eu neque nec nulla convallis malesuada nec ut elit. Nulla vestibulum magna ac nibh aliquam, sit amet elementum neque tincidunt. Donec sed tellus rutrum, congue nulla id, fermentum nisi. Fusce vel justo vestibulum, euismod lorem non, commodo ligula. Suspendisse vel arcu sapien./n/nSed vulputate eros sit amet odio molestie, eget gravida sapien dapibus. Aenean eget accumsan velit. Mauris eu augue velit. Ut tincidunt varius volutpat. Cras ullamcorper mi non justo venenatis, in bibendum quam tempus. Donec nec mauris ut augue vestibulum tempor. Aliquam id dolor bibendum, posuere justo et, varius neque. Cras vitae lacus ut nunc sodales hendrerit. Duis commodo risus a finibus fermentum. Vivamus quis tortor et lacus commodo vehicula./n/nDuis non consequat sapien. Curabitur vehicula dolor in dui molestie, vel viverra ex pharetra. Nulla facilisi. Nullam nec justo ex. Aliquam erat volutpat. Pellentesque habitant morbi tristique senectus et netus et malesuada fames ac turpis egestas. Duis quis placerat arcu. Aliquam condimentum neque non massa scelerisque commodo. Integer vehicula odio nec turpis pellentesque, et malesuada sapien venenatis. Etiam convallis risus nec justo scelerisque, vel ullamcorper tortor sodales. Suspendisse potenti. Vivamus vehicula nisi sit amet mi posuere posuere./n/nPellentesque habitant morbi tristique senectus et netus et malesuada fames ac turpis egestas. Mauris non venenatis elit. Donec mattis erat auctor, pharetra nunc vel, dapibus ligula. Nullam nec sapien nec dui commodo efficitur. Vivamus ullamcorper, lacus et accumsan posuere, lacus felis egestas turpis, et convallis ligula mi nec ante. Nulla pharetra orci sit amet quam ultricies varius. Sed ullamcorper lacinia sem, nec suscipit magna. Phasellus a metus eu leo vehicula vulputate id at metus. Sed dictum enim id diam fermentum, ac varius odio rutrum. Integer sit amet magna ut orci lacinia vehicula. Ut varius lacus eget enim efficitur dapibus. Suspendisse potenti. In hac habitasse platea dictumst. Sed vel purus a mi pellentesque dictum vitae id enim. Donec at ex dolor. Ut in tincidunt sapien. Integer ac nisl vehicula, rhoncus felis eget, euismod urna.','2024-07-01 18:00:00','Lugar 21','Dirección 21','Disponible','http://ejemplo.com/comprar21','/Recursos/Img/evento/event/evento24.png','/Recursos/Img/evento/flayer/recomendacion24.png',21,1),(25,'Evento 22','Lorem ipsum dolor sit amet, consectetur adipiscing elit. Sed sagittis erat id nisi convallis bibendum. Pellentesque at lacus ultricies, congue turpis sed, condimentum odio. Ut ac ligula eget nulla cursus congue ac quis mauris. Vestibulum sit amet dictum odio. Morbi aliquet erat eros, nec elementum ipsum auctor non. Nulla facilisi. Proin nec tincidunt libero. Sed eget aliquet velit. Mauris lobortis vehicula quam, ac consectetur turpis. Curabitur efficitur nisi eu urna elementum, id vulputate velit faucibus. Sed id nulla varius, vestibulum libero at, volutpat risus. Curabitur non pharetra risus. Ut a aliquet orci. Aenean condimentum congue eros, eget malesuada velit commodo at./n/nFusce at massa vel tellus consequat fringilla id vitae ligula. Integer vitae rutrum neque. Suspendisse potenti. Pellentesque non finibus eros. Proin eu neque nec nulla convallis malesuada nec ut elit. Nulla vestibulum magna ac nibh aliquam, sit amet elementum neque tincidunt. Donec sed tellus rutrum, congue nulla id, fermentum nisi. Fusce vel justo vestibulum, euismod lorem non, commodo ligula. Suspendisse vel arcu sapien./n/nSed vulputate eros sit amet odio molestie, eget gravida sapien dapibus. Aenean eget accumsan velit. Mauris eu augue velit. Ut tincidunt varius volutpat. Cras ullamcorper mi non justo venenatis, in bibendum quam tempus. Donec nec mauris ut augue vestibulum tempor. Aliquam id dolor bibendum, posuere justo et, varius neque. Cras vitae lacus ut nunc sodales hendrerit. Duis commodo risus a finibus fermentum. Vivamus quis tortor et lacus commodo vehicula./n/nDuis non consequat sapien. Curabitur vehicula dolor in dui molestie, vel viverra ex pharetra. Nulla facilisi. Nullam nec justo ex. Aliquam erat volutpat. Pellentesque habitant morbi tristique senectus et netus et malesuada fames ac turpis egestas. Duis quis placerat arcu. Aliquam condimentum neque non massa scelerisque commodo. Integer vehicula odio nec turpis pellentesque, et malesuada sapien venenatis. Etiam convallis risus nec justo scelerisque, vel ullamcorper tortor sodales. Suspendisse potenti. Vivamus vehicula nisi sit amet mi posuere posuere./n/nPellentesque habitant morbi tristique senectus et netus et malesuada fames ac turpis egestas. Mauris non venenatis elit. Donec mattis erat auctor, pharetra nunc vel, dapibus ligula. Nullam nec sapien nec dui commodo efficitur. Vivamus ullamcorper, lacus et accumsan posuere, lacus felis egestas turpis, et convallis ligula mi nec ante. Nulla pharetra orci sit amet quam ultricies varius. Sed ullamcorper lacinia sem, nec suscipit magna. Phasellus a metus eu leo vehicula vulputate id at metus. Sed dictum enim id diam fermentum, ac varius odio rutrum. Integer sit amet magna ut orci lacinia vehicula. Ut varius lacus eget enim efficitur dapibus. Suspendisse potenti. In hac habitasse platea dictumst. Sed vel purus a mi pellentesque dictum vitae id enim. Donec at ex dolor. Ut in tincidunt sapien. Integer ac nisl vehicula, rhoncus felis eget, euismod urna.','2024-07-02 19:00:00','Lugar 22','Dirección 22','Disponible','http://ejemplo.com/comprar22','/Recursos/Img/evento/event/evento25.png','/Recursos/Img/evento/flayer/recomendacion25.png',22,1),(26,'Evento 23','Lorem ipsum dolor sit amet, consectetur adipiscing elit. Sed sagittis erat id nisi convallis bibendum. Pellentesque at lacus ultricies, congue turpis sed, condimentum odio. Ut ac ligula eget nulla cursus congue ac quis mauris. Vestibulum sit amet dictum odio. Morbi aliquet erat eros, nec elementum ipsum auctor non. Nulla facilisi. Proin nec tincidunt libero. Sed eget aliquet velit. Mauris lobortis vehicula quam, ac consectetur turpis. Curabitur efficitur nisi eu urna elementum, id vulputate velit faucibus. Sed id nulla varius, vestibulum libero at, volutpat risus. Curabitur non pharetra risus. Ut a aliquet orci. Aenean condimentum congue eros, eget malesuada velit commodo at./n/nFusce at massa vel tellus consequat fringilla id vitae ligula. Integer vitae rutrum neque. Suspendisse potenti. Pellentesque non finibus eros. Proin eu neque nec nulla convallis malesuada nec ut elit. Nulla vestibulum magna ac nibh aliquam, sit amet elementum neque tincidunt. Donec sed tellus rutrum, congue nulla id, fermentum nisi. Fusce vel justo vestibulum, euismod lorem non, commodo ligula. Suspendisse vel arcu sapien./n/nSed vulputate eros sit amet odio molestie, eget gravida sapien dapibus. Aenean eget accumsan velit. Mauris eu augue velit. Ut tincidunt varius volutpat. Cras ullamcorper mi non justo venenatis, in bibendum quam tempus. Donec nec mauris ut augue vestibulum tempor. Aliquam id dolor bibendum, posuere justo et, varius neque. Cras vitae lacus ut nunc sodales hendrerit. Duis commodo risus a finibus fermentum. Vivamus quis tortor et lacus commodo vehicula./n/nDuis non consequat sapien. Curabitur vehicula dolor in dui molestie, vel viverra ex pharetra. Nulla facilisi. Nullam nec justo ex. Aliquam erat volutpat. Pellentesque habitant morbi tristique senectus et netus et malesuada fames ac turpis egestas. Duis quis placerat arcu. Aliquam condimentum neque non massa scelerisque commodo. Integer vehicula odio nec turpis pellentesque, et malesuada sapien venenatis. Etiam convallis risus nec justo scelerisque, vel ullamcorper tortor sodales. Suspendisse potenti. Vivamus vehicula nisi sit amet mi posuere posuere./n/nPellentesque habitant morbi tristique senectus et netus et malesuada fames ac turpis egestas. Mauris non venenatis elit. Donec mattis erat auctor, pharetra nunc vel, dapibus ligula. Nullam nec sapien nec dui commodo efficitur. Vivamus ullamcorper, lacus et accumsan posuere, lacus felis egestas turpis, et convallis ligula mi nec ante. Nulla pharetra orci sit amet quam ultricies varius. Sed ullamcorper lacinia sem, nec suscipit magna. Phasellus a metus eu leo vehicula vulputate id at metus. Sed dictum enim id diam fermentum, ac varius odio rutrum. Integer sit amet magna ut orci lacinia vehicula. Ut varius lacus eget enim efficitur dapibus. Suspendisse potenti. In hac habitasse platea dictumst. Sed vel purus a mi pellentesque dictum vitae id enim. Donec at ex dolor. Ut in tincidunt sapien. Integer ac nisl vehicula, rhoncus felis eget, euismod urna.','2024-07-03 20:00:00','Lugar 23','Dirección 23','Disponible','http://ejemplo.com/comprar23','/Recursos/Img/evento/event/evento26.png','/Recursos/Img/evento/flayer/recomendacion26.png',23,1),(27,'Evento 24','Lorem ipsum dolor sit amet, consectetur adipiscing elit. Sed sagittis erat id nisi convallis bibendum. Pellentesque at lacus ultricies, congue turpis sed, condimentum odio. Ut ac ligula eget nulla cursus congue ac quis mauris. Vestibulum sit amet dictum odio. Morbi aliquet erat eros, nec elementum ipsum auctor non. Nulla facilisi. Proin nec tincidunt libero. Sed eget aliquet velit. Mauris lobortis vehicula quam, ac consectetur turpis. Curabitur efficitur nisi eu urna elementum, id vulputate velit faucibus. Sed id nulla varius, vestibulum libero at, volutpat risus. Curabitur non pharetra risus. Ut a aliquet orci. Aenean condimentum congue eros, eget malesuada velit commodo at./n/nFusce at massa vel tellus consequat fringilla id vitae ligula. Integer vitae rutrum neque. Suspendisse potenti. Pellentesque non finibus eros. Proin eu neque nec nulla convallis malesuada nec ut elit. Nulla vestibulum magna ac nibh aliquam, sit amet elementum neque tincidunt. Donec sed tellus rutrum, congue nulla id, fermentum nisi. Fusce vel justo vestibulum, euismod lorem non, commodo ligula. Suspendisse vel arcu sapien./n/nSed vulputate eros sit amet odio molestie, eget gravida sapien dapibus. Aenean eget accumsan velit. Mauris eu augue velit. Ut tincidunt varius volutpat. Cras ullamcorper mi non justo venenatis, in bibendum quam tempus. Donec nec mauris ut augue vestibulum tempor. Aliquam id dolor bibendum, posuere justo et, varius neque. Cras vitae lacus ut nunc sodales hendrerit. Duis commodo risus a finibus fermentum. Vivamus quis tortor et lacus commodo vehicula./n/nDuis non consequat sapien. Curabitur vehicula dolor in dui molestie, vel viverra ex pharetra. Nulla facilisi. Nullam nec justo ex. Aliquam erat volutpat. Pellentesque habitant morbi tristique senectus et netus et malesuada fames ac turpis egestas. Duis quis placerat arcu. Aliquam condimentum neque non massa scelerisque commodo. Integer vehicula odio nec turpis pellentesque, et malesuada sapien venenatis. Etiam convallis risus nec justo scelerisque, vel ullamcorper tortor sodales. Suspendisse potenti. Vivamus vehicula nisi sit amet mi posuere posuere./n/nPellentesque habitant morbi tristique senectus et netus et malesuada fames ac turpis egestas. Mauris non venenatis elit. Donec mattis erat auctor, pharetra nunc vel, dapibus ligula. Nullam nec sapien nec dui commodo efficitur. Vivamus ullamcorper, lacus et accumsan posuere, lacus felis egestas turpis, et convallis ligula mi nec ante. Nulla pharetra orci sit amet quam ultricies varius. Sed ullamcorper lacinia sem, nec suscipit magna. Phasellus a metus eu leo vehicula vulputate id at metus. Sed dictum enim id diam fermentum, ac varius odio rutrum. Integer sit amet magna ut orci lacinia vehicula. Ut varius lacus eget enim efficitur dapibus. Suspendisse potenti. In hac habitasse platea dictumst. Sed vel purus a mi pellentesque dictum vitae id enim. Donec at ex dolor. Ut in tincidunt sapien. Integer ac nisl vehicula, rhoncus felis eget, euismod urna.','2024-07-04 21:00:00','Lugar 24','Dirección 24','Disponible','http://ejemplo.com/comprar24','/Recursos/Img/evento/event/evento27.png','/Recursos/Img/evento/flayer/recomendacion27.png',24,1),(28,'Conferencia de Innovación Tecnológica','Lorem ipsum dolor sit amet, consectetur adipiscing elit. Sed sagittis erat id nisi convallis bibendum. Pellentesque at lacus ultricies, congue turpis sed, condimentum odio. Ut ac ligula eget nulla cursus congue ac quis mauris. Vestibulum sit amet dictum odio. Morbi aliquet erat eros, nec elementum ipsum auctor non. Nulla facilisi. Proin nec tincidunt libero. Sed eget aliquet velit. Mauris lobortis vehicula quam, ac consectetur turpis. Curabitur efficitur nisi eu urna elementum, id vulputate velit faucibus. Sed id nulla varius, vestibulum libero at, volutpat risus. Curabitur non pharetra risus. Ut a aliquet orci. Aenean condimentum congue eros, eget malesuada velit commodo at./n/nFusce at massa vel tellus consequat fringilla id vitae ligula. Integer vitae rutrum neque. Suspendisse potenti. Pellentesque non finibus eros. Proin eu neque nec nulla convallis malesuada nec ut elit. Nulla vestibulum magna ac nibh aliquam, sit amet elementum neque tincidunt. Donec sed tellus rutrum, congue nulla id, fermentum nisi. Fusce vel justo vestibulum, euismod lorem non, commodo ligula. Suspendisse vel arcu sapien./n/nSed vulputate eros sit amet odio molestie, eget gravida sapien dapibus. Aenean eget accumsan velit. Mauris eu augue velit. Ut tincidunt varius volutpat. Cras ullamcorper mi non justo venenatis, in bibendum quam tempus. Donec nec mauris ut augue vestibulum tempor. Aliquam id dolor bibendum, posuere justo et, varius neque. Cras vitae lacus ut nunc sodales hendrerit. Duis commodo risus a finibus fermentum. Vivamus quis tortor et lacus commodo vehicula./n/nDuis non consequat sapien. Curabitur vehicula dolor in dui molestie, vel viverra ex pharetra. Nulla facilisi. Nullam nec justo ex. Aliquam erat volutpat. Pellentesque habitant morbi tristique senectus et netus et malesuada fames ac turpis egestas. Duis quis placerat arcu. Aliquam condimentum neque non massa scelerisque commodo. Integer vehicula odio nec turpis pellentesque, et malesuada sapien venenatis. Etiam convallis risus nec justo scelerisque, vel ullamcorper tortor sodales. Suspendisse potenti. Vivamus vehicula nisi sit amet mi posuere posuere./n/nPellentesque habitant morbi tristique senectus et netus et malesuada fames ac turpis egestas. Mauris non venenatis elit. Donec mattis erat auctor, pharetra nunc vel, dapibus ligula. Nullam nec sapien nec dui commodo efficitur. Vivamus ullamcorper, lacus et accumsan posuere, lacus felis egestas turpis, et convallis ligula mi nec ante. Nulla pharetra orci sit amet quam ultricies varius. Sed ullamcorper lacinia sem, nec suscipit magna. Phasellus a metus eu leo vehicula vulputate id at metus. Sed dictum enim id diam fermentum, ac varius odio rutrum. Integer sit amet magna ut orci lacinia vehicula. Ut varius lacus eget enim efficitur dapibus. Suspendisse potenti. In hac habitasse platea dictumst. Sed vel purus a mi pellentesque dictum vitae id enim. Donec at ex dolor. Ut in tincidunt sapien. Integer ac nisl vehicula, rhoncus felis eget, euismod urna.','2024-06-20 19:00:00','Lugar 10','Dirección 10','Disponible','http://ejemplo.com/comprar10','/Recursos/Img/evento/event/evento28.png','/Recursos/Img/evento/flayer/recomendacion28.png',10,3),(29,'Fiesta de Verano en la Playa','Lorem ipsum dolor sit amet, consectetur adipiscing elit. Sed sagittis erat id nisi convallis bibendum. Pellentesque at lacus ultricies, congue turpis sed, condimentum odio. Ut ac ligula eget nulla cursus congue ac quis mauris. Vestibulum sit amet dictum odio. Morbi aliquet erat eros, nec elementum ipsum auctor non. Nulla facilisi. Proin nec tincidunt libero. Sed eget aliquet velit. Mauris lobortis vehicula quam, ac consectetur turpis. Curabitur efficitur nisi eu urna elementum, id vulputate velit faucibus. Sed id nulla varius, vestibulum libero at, volutpat risus. Curabitur non pharetra risus. Ut a aliquet orci. Aenean condimentum congue eros, eget malesuada velit commodo at./n/nFusce at massa vel tellus consequat fringilla id vitae ligula. Integer vitae rutrum neque. Suspendisse potenti. Pellentesque non finibus eros. Proin eu neque nec nulla convallis malesuada nec ut elit. Nulla vestibulum magna ac nibh aliquam, sit amet elementum neque tincidunt. Donec sed tellus rutrum, congue nulla id, fermentum nisi. Fusce vel justo vestibulum, euismod lorem non, commodo ligula. Suspendisse vel arcu sapien./n/nSed vulputate eros sit amet odio molestie, eget gravida sapien dapibus. Aenean eget accumsan velit. Mauris eu augue velit. Ut tincidunt varius volutpat. Cras ullamcorper mi non justo venenatis, in bibendum quam tempus. Donec nec mauris ut augue vestibulum tempor. Aliquam id dolor bibendum, posuere justo et, varius neque. Cras vitae lacus ut nunc sodales hendrerit. Duis commodo risus a finibus fermentum. Vivamus quis tortor et lacus commodo vehicula./n/nDuis non consequat sapien. Curabitur vehicula dolor in dui molestie, vel viverra ex pharetra. Nulla facilisi. Nullam nec justo ex. Aliquam erat volutpat. Pellentesque habitant morbi tristique senectus et netus et malesuada fames ac turpis egestas. Duis quis placerat arcu. Aliquam condimentum neque non massa scelerisque commodo. Integer vehicula odio nec turpis pellentesque, et malesuada sapien venenatis. Etiam convallis risus nec justo scelerisque, vel ullamcorper tortor sodales. Suspendisse potenti. Vivamus vehicula nisi sit amet mi posuere posuere./n/nPellentesque habitant morbi tristique senectus et netus et malesuada fames ac turpis egestas. Mauris non venenatis elit. Donec mattis erat auctor, pharetra nunc vel, dapibus ligula. Nullam nec sapien nec dui commodo efficitur. Vivamus ullamcorper, lacus et accumsan posuere, lacus felis egestas turpis, et convallis ligula mi nec ante. Nulla pharetra orci sit amet quam ultricies varius. Sed ullamcorper lacinia sem, nec suscipit magna. Phasellus a metus eu leo vehicula vulputate id at metus. Sed dictum enim id diam fermentum, ac varius odio rutrum. Integer sit amet magna ut orci lacinia vehicula. Ut varius lacus eget enim efficitur dapibus. Suspendisse potenti. In hac habitasse platea dictumst. Sed vel purus a mi pellentesque dictum vitae id enim. Donec at ex dolor. Ut in tincidunt sapien. Integer ac nisl vehicula, rhoncus felis eget, euismod urna.','2024-06-22 21:00:00','Lugar 12','Dirección 12','Disponible','http://ejemplo.com/comprar12','/Recursos/Img/evento/event/evento29.png','/Recursos/Img/evento/flayer/recomendacion29.png',12,3),(30,'Concierto de Rock en Vivo','Lorem ipsum dolor sit amet, consectetur adipiscing elit. Sed sagittis erat id nisi convallis bibendum. Pellentesque at lacus ultricies, congue turpis sed, condimentum odio. Ut ac ligula eget nulla cursus congue ac quis mauris. Vestibulum sit amet dictum odio. Morbi aliquet erat eros, nec elementum ipsum auctor non. Nulla facilisi. Proin nec tincidunt libero. Sed eget aliquet velit. Mauris lobortis vehicula quam, ac consectetur turpis. Curabitur efficitur nisi eu urna elementum, id vulputate velit faucibus. Sed id nulla varius, vestibulum libero at, volutpat risus. Curabitur non pharetra risus. Ut a aliquet orci. Aenean condimentum congue eros, eget malesuada velit commodo at./n/nFusce at massa vel tellus consequat fringilla id vitae ligula. Integer vitae rutrum neque. Suspendisse potenti. Pellentesque non finibus eros. Proin eu neque nec nulla convallis malesuada nec ut elit. Nulla vestibulum magna ac nibh aliquam, sit amet elementum neque tincidunt. Donec sed tellus rutrum, congue nulla id, fermentum nisi. Fusce vel justo vestibulum, euismod lorem non, commodo ligula. Suspendisse vel arcu sapien./n/nSed vulputate eros sit amet odio molestie, eget gravida sapien dapibus. Aenean eget accumsan velit. Mauris eu augue velit. Ut tincidunt varius volutpat. Cras ullamcorper mi non justo venenatis, in bibendum quam tempus. Donec nec mauris ut augue vestibulum tempor. Aliquam id dolor bibendum, posuere justo et, varius neque. Cras vitae lacus ut nunc sodales hendrerit. Duis commodo risus a finibus fermentum. Vivamus quis tortor et lacus commodo vehicula./n/nDuis non consequat sapien. Curabitur vehicula dolor in dui molestie, vel viverra ex pharetra. Nulla facilisi. Nullam nec justo ex. Aliquam erat volutpat. Pellentesque habitant morbi tristique senectus et netus et malesuada fames ac turpis egestas. Duis quis placerat arcu. Aliquam condimentum neque non massa scelerisque commodo. Integer vehicula odio nec turpis pellentesque, et malesuada sapien venenatis. Etiam convallis risus nec justo scelerisque, vel ullamcorper tortor sodales. Suspendisse potenti. Vivamus vehicula nisi sit amet mi posuere posuere./n/nPellentesque habitant morbi tristique senectus et netus et malesuada fames ac turpis egestas. Mauris non venenatis elit. Donec mattis erat auctor, pharetra nunc vel, dapibus ligula. Nullam nec sapien nec dui commodo efficitur. Vivamus ullamcorper, lacus et accumsan posuere, lacus felis egestas turpis, et convallis ligula mi nec ante. Nulla pharetra orci sit amet quam ultricies varius. Sed ullamcorper lacinia sem, nec suscipit magna. Phasellus a metus eu leo vehicula vulputate id at metus. Sed dictum enim id diam fermentum, ac varius odio rutrum. Integer sit amet magna ut orci lacinia vehicula. Ut varius lacus eget enim efficitur dapibus. Suspendisse potenti. In hac habitasse platea dictumst. Sed vel purus a mi pellentesque dictum vitae id enim. Donec at ex dolor. Ut in tincidunt sapien. Integer ac nisl vehicula, rhoncus felis eget, euismod urna.','2024-06-22 21:00:00','Lugar 12','Dirección 12','Disponible','http://ejemplo.com/comprar12','/Recursos/Img/evento/event/evento30.png','/Recursos/Img/evento/flayer/recomendacion30.png',12,3),(31,'Taller de Fotografía Digital','Lorem ipsum dolor sit amet, consectetur adipiscing elit. Sed sagittis erat id nisi convallis bibendum. Pellentesque at lacus ultricies, congue turpis sed, condimentum odio. Ut ac ligula eget nulla cursus congue ac quis mauris. Vestibulum sit amet dictum odio. Morbi aliquet erat eros, nec elementum ipsum auctor non. Nulla facilisi. Proin nec tincidunt libero. Sed eget aliquet velit. Mauris lobortis vehicula quam, ac consectetur turpis. Curabitur efficitur nisi eu urna elementum, id vulputate velit faucibus. Sed id nulla varius, vestibulum libero at, volutpat risus. Curabitur non pharetra risus. Ut a aliquet orci. Aenean condimentum congue eros, eget malesuada velit commodo at./n/nFusce at massa vel tellus consequat fringilla id vitae ligula. Integer vitae rutrum neque. Suspendisse potenti. Pellentesque non finibus eros. Proin eu neque nec nulla convallis malesuada nec ut elit. Nulla vestibulum magna ac nibh aliquam, sit amet elementum neque tincidunt. Donec sed tellus rutrum, congue nulla id, fermentum nisi. Fusce vel justo vestibulum, euismod lorem non, commodo ligula. Suspendisse vel arcu sapien./n/nSed vulputate eros sit amet odio molestie, eget gravida sapien dapibus. Aenean eget accumsan velit. Mauris eu augue velit. Ut tincidunt varius volutpat. Cras ullamcorper mi non justo venenatis, in bibendum quam tempus. Donec nec mauris ut augue vestibulum tempor. Aliquam id dolor bibendum, posuere justo et, varius neque. Cras vitae lacus ut nunc sodales hendrerit. Duis commodo risus a finibus fermentum. Vivamus quis tortor et lacus commodo vehicula./n/nDuis non consequat sapien. Curabitur vehicula dolor in dui molestie, vel viverra ex pharetra. Nulla facilisi. Nullam nec justo ex. Aliquam erat volutpat. Pellentesque habitant morbi tristique senectus et netus et malesuada fames ac turpis egestas. Duis quis placerat arcu. Aliquam condimentum neque non massa scelerisque commodo. Integer vehicula odio nec turpis pellentesque, et malesuada sapien venenatis. Etiam convallis risus nec justo scelerisque, vel ullamcorper tortor sodales. Suspendisse potenti. Vivamus vehicula nisi sit amet mi posuere posuere./n/nPellentesque habitant morbi tristique senectus et netus et malesuada fames ac turpis egestas. Mauris non venenatis elit. Donec mattis erat auctor, pharetra nunc vel, dapibus ligula. Nullam nec sapien nec dui commodo efficitur. Vivamus ullamcorper, lacus et accumsan posuere, lacus felis egestas turpis, et convallis ligula mi nec ante. Nulla pharetra orci sit amet quam ultricies varius. Sed ullamcorper lacinia sem, nec suscipit magna. Phasellus a metus eu leo vehicula vulputate id at metus. Sed dictum enim id diam fermentum, ac varius odio rutrum. Integer sit amet magna ut orci lacinia vehicula. Ut varius lacus eget enim efficitur dapibus. Suspendisse potenti. In hac habitasse platea dictumst. Sed vel purus a mi pellentesque dictum vitae id enim. Donec at ex dolor. Ut in tincidunt sapien. Integer ac nisl vehicula, rhoncus felis eget, euismod urna.','2024-06-22 21:00:00','Lugar 12','Dirección 12','Disponible','http://ejemplo.com/comprar12','/Recursos/Img/evento/event/evento31.png','/Recursos/Img/evento/flayer/recomendacion31.png',12,3),(32,'Presentación de Arte Urbano','Lorem ipsum dolor sit amet, consectetur adipiscing elit. Sed sagittis erat id nisi convallis bibendum. Pellentesque at lacus ultricies, congue turpis sed, condimentum odio. Ut ac ligula eget nulla cursus congue ac quis mauris. Vestibulum sit amet dictum odio. Morbi aliquet erat eros, nec elementum ipsum auctor non. Nulla facilisi. Proin nec tincidunt libero. Sed eget aliquet velit. Mauris lobortis vehicula quam, ac consectetur turpis. Curabitur efficitur nisi eu urna elementum, id vulputate velit faucibus. Sed id nulla varius, vestibulum libero at, volutpat risus. Curabitur non pharetra risus. Ut a aliquet orci. Aenean condimentum congue eros, eget malesuada velit commodo at./n/nFusce at massa vel tellus consequat fringilla id vitae ligula. Integer vitae rutrum neque. Suspendisse potenti. Pellentesque non finibus eros. Proin eu neque nec nulla convallis malesuada nec ut elit. Nulla vestibulum magna ac nibh aliquam, sit amet elementum neque tincidunt. Donec sed tellus rutrum, congue nulla id, fermentum nisi. Fusce vel justo vestibulum, euismod lorem non, commodo ligula. Suspendisse vel arcu sapien./n/nSed vulputate eros sit amet odio molestie, eget gravida sapien dapibus. Aenean eget accumsan velit. Mauris eu augue velit. Ut tincidunt varius volutpat. Cras ullamcorper mi non justo venenatis, in bibendum quam tempus. Donec nec mauris ut augue vestibulum tempor. Aliquam id dolor bibendum, posuere justo et, varius neque. Cras vitae lacus ut nunc sodales hendrerit. Duis commodo risus a finibus fermentum. Vivamus quis tortor et lacus commodo vehicula./n/nDuis non consequat sapien. Curabitur vehicula dolor in dui molestie, vel viverra ex pharetra. Nulla facilisi. Nullam nec justo ex. Aliquam erat volutpat. Pellentesque habitant morbi tristique senectus et netus et malesuada fames ac turpis egestas. Duis quis placerat arcu. Aliquam condimentum neque non massa scelerisque commodo. Integer vehicula odio nec turpis pellentesque, et malesuada sapien venenatis. Etiam convallis risus nec justo scelerisque, vel ullamcorper tortor sodales. Suspendisse potenti. Vivamus vehicula nisi sit amet mi posuere posuere./n/nPellentesque habitant morbi tristique senectus et netus et malesuada fames ac turpis egestas. Mauris non venenatis elit. Donec mattis erat auctor, pharetra nunc vel, dapibus ligula. Nullam nec sapien nec dui commodo efficitur. Vivamus ullamcorper, lacus et accumsan posuere, lacus felis egestas turpis, et convallis ligula mi nec ante. Nulla pharetra orci sit amet quam ultricies varius. Sed ullamcorper lacinia sem, nec suscipit magna. Phasellus a metus eu leo vehicula vulputate id at metus. Sed dictum enim id diam fermentum, ac varius odio rutrum. Integer sit amet magna ut orci lacinia vehicula. Ut varius lacus eget enim efficitur dapibus. Suspendisse potenti. In hac habitasse platea dictumst. Sed vel purus a mi pellentesque dictum vitae id enim. Donec at ex dolor. Ut in tincidunt sapien. Integer ac nisl vehicula, rhoncus felis eget, euismod urna.','2024-06-22 21:00:00','Lugar 12','Dirección 12','Disponible','http://ejemplo.com/comprar12','/Recursos/Img/evento/event/evento32.png','/Recursos/Img/evento/flayer/recomendacion32.png',12,3),(33,'Festival de Comida Internacional','Lorem ipsum dolor sit amet, consectetur adipiscing elit. Sed sagittis erat id nisi convallis bibendum. Pellentesque at lacus ultricies, congue turpis sed, condimentum odio. Ut ac ligula eget nulla cursus congue ac quis mauris. Vestibulum sit amet dictum odio. Morbi aliquet erat eros, nec elementum ipsum auctor non. Nulla facilisi. Proin nec tincidunt libero. Sed eget aliquet velit. Mauris lobortis vehicula quam, ac consectetur turpis. Curabitur efficitur nisi eu urna elementum, id vulputate velit faucibus. Sed id nulla varius, vestibulum libero at, volutpat risus. Curabitur non pharetra risus. Ut a aliquet orci. Aenean condimentum congue eros, eget malesuada velit commodo at./n/nFusce at massa vel tellus consequat fringilla id vitae ligula. Integer vitae rutrum neque. Suspendisse potenti. Pellentesque non finibus eros. Proin eu neque nec nulla convallis malesuada nec ut elit. Nulla vestibulum magna ac nibh aliquam, sit amet elementum neque tincidunt. Donec sed tellus rutrum, congue nulla id, fermentum nisi. Fusce vel justo vestibulum, euismod lorem non, commodo ligula. Suspendisse vel arcu sapien./n/nSed vulputate eros sit amet odio molestie, eget gravida sapien dapibus. Aenean eget accumsan velit. Mauris eu augue velit. Ut tincidunt varius volutpat. Cras ullamcorper mi non justo venenatis, in bibendum quam tempus. Donec nec mauris ut augue vestibulum tempor. Aliquam id dolor bibendum, posuere justo et, varius neque. Cras vitae lacus ut nunc sodales hendrerit. Duis commodo risus a finibus fermentum. Vivamus quis tortor et lacus commodo vehicula./n/nDuis non consequat sapien. Curabitur vehicula dolor in dui molestie, vel viverra ex pharetra. Nulla facilisi. Nullam nec justo ex. Aliquam erat volutpat. Pellentesque habitant morbi tristique senectus et netus et malesuada fames ac turpis egestas. Duis quis placerat arcu. Aliquam condimentum neque non massa scelerisque commodo. Integer vehicula odio nec turpis pellentesque, et malesuada sapien venenatis. Etiam convallis risus nec justo scelerisque, vel ullamcorper tortor sodales. Suspendisse potenti. Vivamus vehicula nisi sit amet mi posuere posuere./n/nPellentesque habitant morbi tristique senectus et netus et malesuada fames ac turpis egestas. Mauris non venenatis elit. Donec mattis erat auctor, pharetra nunc vel, dapibus ligula. Nullam nec sapien nec dui commodo efficitur. Vivamus ullamcorper, lacus et accumsan posuere, lacus felis egestas turpis, et convallis ligula mi nec ante. Nulla pharetra orci sit amet quam ultricies varius. Sed ullamcorper lacinia sem, nec suscipit magna. Phasellus a metus eu leo vehicula vulputate id at metus. Sed dictum enim id diam fermentum, ac varius odio rutrum. Integer sit amet magna ut orci lacinia vehicula. Ut varius lacus eget enim efficitur dapibus. Suspendisse potenti. In hac habitasse platea dictumst. Sed vel purus a mi pellentesque dictum vitae id enim. Donec at ex dolor. Ut in tincidunt sapien. Integer ac nisl vehicula, rhoncus felis eget, euismod urna.','2024-06-22 21:00:00','Lugar 12','Dirección 12','Disponible','http://ejemplo.com/comprar12','/Recursos/Img/evento/event/evento33.png','/Recursos/Img/evento/flayer/recomendacion33.png',12,3),(34,'Charla sobre Cambio Climático','Lorem ipsum dolor sit amet, consectetur adipiscing elit. Sed sagittis erat id nisi convallis bibendum. Pellentesque at lacus ultricies, congue turpis sed, condimentum odio. Ut ac ligula eget nulla cursus congue ac quis mauris. Vestibulum sit amet dictum odio. Morbi aliquet erat eros, nec elementum ipsum auctor non. Nulla facilisi. Proin nec tincidunt libero. Sed eget aliquet velit. Mauris lobortis vehicula quam, ac consectetur turpis. Curabitur efficitur nisi eu urna elementum, id vulputate velit faucibus. Sed id nulla varius, vestibulum libero at, volutpat risus. Curabitur non pharetra risus. Ut a aliquet orci. Aenean condimentum congue eros, eget malesuada velit commodo at./n/nFusce at massa vel tellus consequat fringilla id vitae ligula. Integer vitae rutrum neque. Suspendisse potenti. Pellentesque non finibus eros. Proin eu neque nec nulla convallis malesuada nec ut elit. Nulla vestibulum magna ac nibh aliquam, sit amet elementum neque tincidunt. Donec sed tellus rutrum, congue nulla id, fermentum nisi. Fusce vel justo vestibulum, euismod lorem non, commodo ligula. Suspendisse vel arcu sapien./n/nSed vulputate eros sit amet odio molestie, eget gravida sapien dapibus. Aenean eget accumsan velit. Mauris eu augue velit. Ut tincidunt varius volutpat. Cras ullamcorper mi non justo venenatis, in bibendum quam tempus. Donec nec mauris ut augue vestibulum tempor. Aliquam id dolor bibendum, posuere justo et, varius neque. Cras vitae lacus ut nunc sodales hendrerit. Duis commodo risus a finibus fermentum. Vivamus quis tortor et lacus commodo vehicula./n/nDuis non consequat sapien. Curabitur vehicula dolor in dui molestie, vel viverra ex pharetra. Nulla facilisi. Nullam nec justo ex. Aliquam erat volutpat. Pellentesque habitant morbi tristique senectus et netus et malesuada fames ac turpis egestas. Duis quis placerat arcu. Aliquam condimentum neque non massa scelerisque commodo. Integer vehicula odio nec turpis pellentesque, et malesuada sapien venenatis. Etiam convallis risus nec justo scelerisque, vel ullamcorper tortor sodales. Suspendisse potenti. Vivamus vehicula nisi sit amet mi posuere posuere./n/nPellentesque habitant morbi tristique senectus et netus et malesuada fames ac turpis egestas. Mauris non venenatis elit. Donec mattis erat auctor, pharetra nunc vel, dapibus ligula. Nullam nec sapien nec dui commodo efficitur. Vivamus ullamcorper, lacus et accumsan posuere, lacus felis egestas turpis, et convallis ligula mi nec ante. Nulla pharetra orci sit amet quam ultricies varius. Sed ullamcorper lacinia sem, nec suscipit magna. Phasellus a metus eu leo vehicula vulputate id at metus. Sed dictum enim id diam fermentum, ac varius odio rutrum. Integer sit amet magna ut orci lacinia vehicula. Ut varius lacus eget enim efficitur dapibus. Suspendisse potenti. In hac habitasse platea dictumst. Sed vel purus a mi pellentesque dictum vitae id enim. Donec at ex dolor. Ut in tincidunt sapien. Integer ac nisl vehicula, rhoncus felis eget, euismod urna.','2024-06-22 21:00:00','Lugar 12','Dirección 12','Disponible','http://ejemplo.com/comprar12','/Recursos/Img/evento/event/evento34.png','/Recursos/Img/evento/flayer/recomendacion34.png',12,3),(35,'Exposición de Pintura Abstracta','Lorem ipsum dolor sit amet, consectetur adipiscing elit. Sed sagittis erat id nisi convallis bibendum. Pellentesque at lacus ultricies, congue turpis sed, condimentum odio. Ut ac ligula eget nulla cursus congue ac quis mauris. Vestibulum sit amet dictum odio. Morbi aliquet erat eros, nec elementum ipsum auctor non. Nulla facilisi. Proin nec tincidunt libero. Sed eget aliquet velit. Mauris lobortis vehicula quam, ac consectetur turpis. Curabitur efficitur nisi eu urna elementum, id vulputate velit faucibus. Sed id nulla varius, vestibulum libero at, volutpat risus. Curabitur non pharetra risus. Ut a aliquet orci. Aenean condimentum congue eros, eget malesuada velit commodo at./n/nFusce at massa vel tellus consequat fringilla id vitae ligula. Integer vitae rutrum neque. Suspendisse potenti. Pellentesque non finibus eros. Proin eu neque nec nulla convallis malesuada nec ut elit. Nulla vestibulum magna ac nibh aliquam, sit amet elementum neque tincidunt. Donec sed tellus rutrum, congue nulla id, fermentum nisi. Fusce vel justo vestibulum, euismod lorem non, commodo ligula. Suspendisse vel arcu sapien./n/nSed vulputate eros sit amet odio molestie, eget gravida sapien dapibus. Aenean eget accumsan velit. Mauris eu augue velit. Ut tincidunt varius volutpat. Cras ullamcorper mi non justo venenatis, in bibendum quam tempus. Donec nec mauris ut augue vestibulum tempor. Aliquam id dolor bibendum, posuere justo et, varius neque. Cras vitae lacus ut nunc sodales hendrerit. Duis commodo risus a finibus fermentum. Vivamus quis tortor et lacus commodo vehicula./n/nDuis non consequat sapien. Curabitur vehicula dolor in dui molestie, vel viverra ex pharetra. Nulla facilisi. Nullam nec justo ex. Aliquam erat volutpat. Pellentesque habitant morbi tristique senectus et netus et malesuada fames ac turpis egestas. Duis quis placerat arcu. Aliquam condimentum neque non massa scelerisque commodo. Integer vehicula odio nec turpis pellentesque, et malesuada sapien venenatis. Etiam convallis risus nec justo scelerisque, vel ullamcorper tortor sodales. Suspendisse potenti. Vivamus vehicula nisi sit amet mi posuere posuere./n/nPellentesque habitant morbi tristique senectus et netus et malesuada fames ac turpis egestas. Mauris non venenatis elit. Donec mattis erat auctor, pharetra nunc vel, dapibus ligula. Nullam nec sapien nec dui commodo efficitur. Vivamus ullamcorper, lacus et accumsan posuere, lacus felis egestas turpis, et convallis ligula mi nec ante. Nulla pharetra orci sit amet quam ultricies varius. Sed ullamcorper lacinia sem, nec suscipit magna. Phasellus a metus eu leo vehicula vulputate id at metus. Sed dictum enim id diam fermentum, ac varius odio rutrum. Integer sit amet magna ut orci lacinia vehicula. Ut varius lacus eget enim efficitur dapibus. Suspendisse potenti. In hac habitasse platea dictumst. Sed vel purus a mi pellentesque dictum vitae id enim. Donec at ex dolor. Ut in tincidunt sapien. Integer ac nisl vehicula, rhoncus felis eget, euismod urna.','2024-06-22 21:00:00','Lugar 12','Dirección 12','Disponible','http://ejemplo.com/comprar12','/Recursos/Img/evento/event/evento35.png','/Recursos/Img/evento/flayer/recomendacion35.png',12,3),(36,'Maratón de Baile para Caridad','Lorem ipsum dolor sit amet, consectetur adipiscing elit. Sed sagittis erat id nisi convallis bibendum. Pellentesque at lacus ultricies, congue turpis sed, condimentum odio. Ut ac ligula eget nulla cursus congue ac quis mauris. Vestibulum sit amet dictum odio. Morbi aliquet erat eros, nec elementum ipsum auctor non. Nulla facilisi. Proin nec tincidunt libero. Sed eget aliquet velit. Mauris lobortis vehicula quam, ac consectetur turpis. Curabitur efficitur nisi eu urna elementum, id vulputate velit faucibus. Sed id nulla varius, vestibulum libero at, volutpat risus. Curabitur non pharetra risus. Ut a aliquet orci. Aenean condimentum congue eros, eget malesuada velit commodo at./n/nFusce at massa vel tellus consequat fringilla id vitae ligula. Integer vitae rutrum neque. Suspendisse potenti. Pellentesque non finibus eros. Proin eu neque nec nulla convallis malesuada nec ut elit. Nulla vestibulum magna ac nibh aliquam, sit amet elementum neque tincidunt. Donec sed tellus rutrum, congue nulla id, fermentum nisi. Fusce vel justo vestibulum, euismod lorem non, commodo ligula. Suspendisse vel arcu sapien./n/nSed vulputate eros sit amet odio molestie, eget gravida sapien dapibus. Aenean eget accumsan velit. Mauris eu augue velit. Ut tincidunt varius volutpat. Cras ullamcorper mi non justo venenatis, in bibendum quam tempus. Donec nec mauris ut augue vestibulum tempor. Aliquam id dolor bibendum, posuere justo et, varius neque. Cras vitae lacus ut nunc sodales hendrerit. Duis commodo risus a finibus fermentum. Vivamus quis tortor et lacus commodo vehicula./n/nDuis non consequat sapien. Curabitur vehicula dolor in dui molestie, vel viverra ex pharetra. Nulla facilisi. Nullam nec justo ex. Aliquam erat volutpat. Pellentesque habitant morbi tristique senectus et netus et malesuada fames ac turpis egestas. Duis quis placerat arcu. Aliquam condimentum neque non massa scelerisque commodo. Integer vehicula odio nec turpis pellentesque, et malesuada sapien venenatis. Etiam convallis risus nec justo scelerisque, vel ullamcorper tortor sodales. Suspendisse potenti. Vivamus vehicula nisi sit amet mi posuere posuere./n/nPellentesque habitant morbi tristique senectus et netus et malesuada fames ac turpis egestas. Mauris non venenatis elit. Donec mattis erat auctor, pharetra nunc vel, dapibus ligula. Nullam nec sapien nec dui commodo efficitur. Vivamus ullamcorper, lacus et accumsan posuere, lacus felis egestas turpis, et convallis ligula mi nec ante. Nulla pharetra orci sit amet quam ultricies varius. Sed ullamcorper lacinia sem, nec suscipit magna. Phasellus a metus eu leo vehicula vulputate id at metus. Sed dictum enim id diam fermentum, ac varius odio rutrum. Integer sit amet magna ut orci lacinia vehicula. Ut varius lacus eget enim efficitur dapibus. Suspendisse potenti. In hac habitasse platea dictumst. Sed vel purus a mi pellentesque dictum vitae id enim. Donec at ex dolor. Ut in tincidunt sapien. Integer ac nisl vehicula, rhoncus felis eget, euismod urna.','2024-06-22 21:00:00','Lugar 12','Dirección 12','Disponible','http://ejemplo.com/comprar12','/Recursos/Img/evento/event/evento36.png','/Recursos/Img/evento/flayer/recomendacion36.png',12,2),(37,'Curso de Cocina Italiana','Lorem ipsum dolor sit amet, consectetur adipiscing elit. Sed sagittis erat id nisi convallis bibendum. Pellentesque at lacus ultricies, congue turpis sed, condimentum odio. Ut ac ligula eget nulla cursus congue ac quis mauris. Vestibulum sit amet dictum odio. Morbi aliquet erat eros, nec elementum ipsum auctor non. Nulla facilisi. Proin nec tincidunt libero. Sed eget aliquet velit. Mauris lobortis vehicula quam, ac consectetur turpis. Curabitur efficitur nisi eu urna elementum, id vulputate velit faucibus. Sed id nulla varius, vestibulum libero at, volutpat risus. Curabitur non pharetra risus. Ut a aliquet orci. Aenean condimentum congue eros, eget malesuada velit commodo at./n/nFusce at massa vel tellus consequat fringilla id vitae ligula. Integer vitae rutrum neque. Suspendisse potenti. Pellentesque non finibus eros. Proin eu neque nec nulla convallis malesuada nec ut elit. Nulla vestibulum magna ac nibh aliquam, sit amet elementum neque tincidunt. Donec sed tellus rutrum, congue nulla id, fermentum nisi. Fusce vel justo vestibulum, euismod lorem non, commodo ligula. Suspendisse vel arcu sapien./n/nSed vulputate eros sit amet odio molestie, eget gravida sapien dapibus. Aenean eget accumsan velit. Mauris eu augue velit. Ut tincidunt varius volutpat. Cras ullamcorper mi non justo venenatis, in bibendum quam tempus. Donec nec mauris ut augue vestibulum tempor. Aliquam id dolor bibendum, posuere justo et, varius neque. Cras vitae lacus ut nunc sodales hendrerit. Duis commodo risus a finibus fermentum. Vivamus quis tortor et lacus commodo vehicula./n/nDuis non consequat sapien. Curabitur vehicula dolor in dui molestie, vel viverra ex pharetra. Nulla facilisi. Nullam nec justo ex. Aliquam erat volutpat. Pellentesque habitant morbi tristique senectus et netus et malesuada fames ac turpis egestas. Duis quis placerat arcu. Aliquam condimentum neque non massa scelerisque commodo. Integer vehicula odio nec turpis pellentesque, et malesuada sapien venenatis. Etiam convallis risus nec justo scelerisque, vel ullamcorper tortor sodales. Suspendisse potenti. Vivamus vehicula nisi sit amet mi posuere posuere./n/nPellentesque habitant morbi tristique senectus et netus et malesuada fames ac turpis egestas. Mauris non venenatis elit. Donec mattis erat auctor, pharetra nunc vel, dapibus ligula. Nullam nec sapien nec dui commodo efficitur. Vivamus ullamcorper, lacus et accumsan posuere, lacus felis egestas turpis, et convallis ligula mi nec ante. Nulla pharetra orci sit amet quam ultricies varius. Sed ullamcorper lacinia sem, nec suscipit magna. Phasellus a metus eu leo vehicula vulputate id at metus. Sed dictum enim id diam fermentum, ac varius odio rutrum. Integer sit amet magna ut orci lacinia vehicula. Ut varius lacus eget enim efficitur dapibus. Suspendisse potenti. In hac habitasse platea dictumst. Sed vel purus a mi pellentesque dictum vitae id enim. Donec at ex dolor. Ut in tincidunt sapien. Integer ac nisl vehicula, rhoncus felis eget, euismod urna.','2024-06-22 21:00:00','Lugar 12','Dirección 12','Disponible','http://ejemplo.com/comprar12','/Recursos/Img/evento/event/evento37.png','/Recursos/Img/evento/flayer/recomendacion37.png',12,2),(38,'Competencia de Cortometrajes','Lorem ipsum dolor sit amet, consectetur adipiscing elit. Sed sagittis erat id nisi convallis bibendum. Pellentesque at lacus ultricies, congue turpis sed, condimentum odio. Ut ac ligula eget nulla cursus congue ac quis mauris. Vestibulum sit amet dictum odio. Morbi aliquet erat eros, nec elementum ipsum auctor non. Nulla facilisi. Proin nec tincidunt libero. Sed eget aliquet velit. Mauris lobortis vehicula quam, ac consectetur turpis. Curabitur efficitur nisi eu urna elementum, id vulputate velit faucibus. Sed id nulla varius, vestibulum libero at, volutpat risus. Curabitur non pharetra risus. Ut a aliquet orci. Aenean condimentum congue eros, eget malesuada velit commodo at./n/nFusce at massa vel tellus consequat fringilla id vitae ligula. Integer vitae rutrum neque. Suspendisse potenti. Pellentesque non finibus eros. Proin eu neque nec nulla convallis malesuada nec ut elit. Nulla vestibulum magna ac nibh aliquam, sit amet elementum neque tincidunt. Donec sed tellus rutrum, congue nulla id, fermentum nisi. Fusce vel justo vestibulum, euismod lorem non, commodo ligula. Suspendisse vel arcu sapien./n/nSed vulputate eros sit amet odio molestie, eget gravida sapien dapibus. Aenean eget accumsan velit. Mauris eu augue velit. Ut tincidunt varius volutpat. Cras ullamcorper mi non justo venenatis, in bibendum quam tempus. Donec nec mauris ut augue vestibulum tempor. Aliquam id dolor bibendum, posuere justo et, varius neque. Cras vitae lacus ut nunc sodales hendrerit. Duis commodo risus a finibus fermentum. Vivamus quis tortor et lacus commodo vehicula./n/nDuis non consequat sapien. Curabitur vehicula dolor in dui molestie, vel viverra ex pharetra. Nulla facilisi. Nullam nec justo ex. Aliquam erat volutpat. Pellentesque habitant morbi tristique senectus et netus et malesuada fames ac turpis egestas. Duis quis placerat arcu. Aliquam condimentum neque non massa scelerisque commodo. Integer vehicula odio nec turpis pellentesque, et malesuada sapien venenatis. Etiam convallis risus nec justo scelerisque, vel ullamcorper tortor sodales. Suspendisse potenti. Vivamus vehicula nisi sit amet mi posuere posuere./n/nPellentesque habitant morbi tristique senectus et netus et malesuada fames ac turpis egestas. Mauris non venenatis elit. Donec mattis erat auctor, pharetra nunc vel, dapibus ligula. Nullam nec sapien nec dui commodo efficitur. Vivamus ullamcorper, lacus et accumsan posuere, lacus felis egestas turpis, et convallis ligula mi nec ante. Nulla pharetra orci sit amet quam ultricies varius. Sed ullamcorper lacinia sem, nec suscipit magna. Phasellus a metus eu leo vehicula vulputate id at metus. Sed dictum enim id diam fermentum, ac varius odio rutrum. Integer sit amet magna ut orci lacinia vehicula. Ut varius lacus eget enim efficitur dapibus. Suspendisse potenti. In hac habitasse platea dictumst. Sed vel purus a mi pellentesque dictum vitae id enim. Donec at ex dolor. Ut in tincidunt sapien. Integer ac nisl vehicula, rhoncus felis eget, euismod urna.','2024-06-22 21:00:00','Lugar 12','Dirección 12','Disponible','http://ejemplo.com/comprar12','/Recursos/Img/evento/event/evento38.png','/Recursos/Img/evento/flayer/recomendacion38.png',12,2),(39,'Seminario de Emprendimiento Social','Lorem ipsum dolor sit amet, consectetur adipiscing elit. Sed sagittis erat id nisi convallis bibendum. Pellentesque at lacus ultricies, congue turpis sed, condimentum odio. Ut ac ligula eget nulla cursus congue ac quis mauris. Vestibulum sit amet dictum odio. Morbi aliquet erat eros, nec elementum ipsum auctor non. Nulla facilisi. Proin nec tincidunt libero. Sed eget aliquet velit. Mauris lobortis vehicula quam, ac consectetur turpis. Curabitur efficitur nisi eu urna elementum, id vulputate velit faucibus. Sed id nulla varius, vestibulum libero at, volutpat risus. Curabitur non pharetra risus. Ut a aliquet orci. Aenean condimentum congue eros, eget malesuada velit commodo at./n/nFusce at massa vel tellus consequat fringilla id vitae ligula. Integer vitae rutrum neque. Suspendisse potenti. Pellentesque non finibus eros. Proin eu neque nec nulla convallis malesuada nec ut elit. Nulla vestibulum magna ac nibh aliquam, sit amet elementum neque tincidunt. Donec sed tellus rutrum, congue nulla id, fermentum nisi. Fusce vel justo vestibulum, euismod lorem non, commodo ligula. Suspendisse vel arcu sapien./n/nSed vulputate eros sit amet odio molestie, eget gravida sapien dapibus. Aenean eget accumsan velit. Mauris eu augue velit. Ut tincidunt varius volutpat. Cras ullamcorper mi non justo venenatis, in bibendum quam tempus. Donec nec mauris ut augue vestibulum tempor. Aliquam id dolor bibendum, posuere justo et, varius neque. Cras vitae lacus ut nunc sodales hendrerit. Duis commodo risus a finibus fermentum. Vivamus quis tortor et lacus commodo vehicula./n/nDuis non consequat sapien. Curabitur vehicula dolor in dui molestie, vel viverra ex pharetra. Nulla facilisi. Nullam nec justo ex. Aliquam erat volutpat. Pellentesque habitant morbi tristique senectus et netus et malesuada fames ac turpis egestas. Duis quis placerat arcu. Aliquam condimentum neque non massa scelerisque commodo. Integer vehicula odio nec turpis pellentesque, et malesuada sapien venenatis. Etiam convallis risus nec justo scelerisque, vel ullamcorper tortor sodales. Suspendisse potenti. Vivamus vehicula nisi sit amet mi posuere posuere./n/nPellentesque habitant morbi tristique senectus et netus et malesuada fames ac turpis egestas. Mauris non venenatis elit. Donec mattis erat auctor, pharetra nunc vel, dapibus ligula. Nullam nec sapien nec dui commodo efficitur. Vivamus ullamcorper, lacus et accumsan posuere, lacus felis egestas turpis, et convallis ligula mi nec ante. Nulla pharetra orci sit amet quam ultricies varius. Sed ullamcorper lacinia sem, nec suscipit magna. Phasellus a metus eu leo vehicula vulputate id at metus. Sed dictum enim id diam fermentum, ac varius odio rutrum. Integer sit amet magna ut orci lacinia vehicula. Ut varius lacus eget enim efficitur dapibus. Suspendisse potenti. In hac habitasse platea dictumst. Sed vel purus a mi pellentesque dictum vitae id enim. Donec at ex dolor. Ut in tincidunt sapien. Integer ac nisl vehicula, rhoncus felis eget, euismod urna.','2024-06-22 21:00:00','Lugar 12','Dirección 12','Disponible','http://ejemplo.com/comprar12','/Recursos/Img/evento/event/evento39.png','/Recursos/Img/evento/flayer/recomendacion39.png',12,2),(40,'Taller de Jardinería Sostenible','Lorem ipsum dolor sit amet, consectetur adipiscing elit. Sed sagittis erat id nisi convallis bibendum. Pellentesque at lacus ultricies, congue turpis sed, condimentum odio. Ut ac ligula eget nulla cursus congue ac quis mauris. Vestibulum sit amet dictum odio. Morbi aliquet erat eros, nec elementum ipsum auctor non. Nulla facilisi. Proin nec tincidunt libero. Sed eget aliquet velit. Mauris lobortis vehicula quam, ac consectetur turpis. Curabitur efficitur nisi eu urna elementum, id vulputate velit faucibus. Sed id nulla varius, vestibulum libero at, volutpat risus. Curabitur non pharetra risus. Ut a aliquet orci. Aenean condimentum congue eros, eget malesuada velit commodo at./n/nFusce at massa vel tellus consequat fringilla id vitae ligula. Integer vitae rutrum neque. Suspendisse potenti. Pellentesque non finibus eros. Proin eu neque nec nulla convallis malesuada nec ut elit. Nulla vestibulum magna ac nibh aliquam, sit amet elementum neque tincidunt. Donec sed tellus rutrum, congue nulla id, fermentum nisi. Fusce vel justo vestibulum, euismod lorem non, commodo ligula. Suspendisse vel arcu sapien./n/nSed vulputate eros sit amet odio molestie, eget gravida sapien dapibus. Aenean eget accumsan velit. Mauris eu augue velit. Ut tincidunt varius volutpat. Cras ullamcorper mi non justo venenatis, in bibendum quam tempus. Donec nec mauris ut augue vestibulum tempor. Aliquam id dolor bibendum, posuere justo et, varius neque. Cras vitae lacus ut nunc sodales hendrerit. Duis commodo risus a finibus fermentum. Vivamus quis tortor et lacus commodo vehicula./n/nDuis non consequat sapien. Curabitur vehicula dolor in dui molestie, vel viverra ex pharetra. Nulla facilisi. Nullam nec justo ex. Aliquam erat volutpat. Pellentesque habitant morbi tristique senectus et netus et malesuada fames ac turpis egestas. Duis quis placerat arcu. Aliquam condimentum neque non massa scelerisque commodo. Integer vehicula odio nec turpis pellentesque, et malesuada sapien venenatis. Etiam convallis risus nec justo scelerisque, vel ullamcorper tortor sodales. Suspendisse potenti. Vivamus vehicula nisi sit amet mi posuere posuere./n/nPellentesque habitant morbi tristique senectus et netus et malesuada fames ac turpis egestas. Mauris non venenatis elit. Donec mattis erat auctor, pharetra nunc vel, dapibus ligula. Nullam nec sapien nec dui commodo efficitur. Vivamus ullamcorper, lacus et accumsan posuere, lacus felis egestas turpis, et convallis ligula mi nec ante. Nulla pharetra orci sit amet quam ultricies varius. Sed ullamcorper lacinia sem, nec suscipit magna. Phasellus a metus eu leo vehicula vulputate id at metus. Sed dictum enim id diam fermentum, ac varius odio rutrum. Integer sit amet magna ut orci lacinia vehicula. Ut varius lacus eget enim efficitur dapibus. Suspendisse potenti. In hac habitasse platea dictumst. Sed vel purus a mi pellentesque dictum vitae id enim. Donec at ex dolor. Ut in tincidunt sapien. Integer ac nisl vehicula, rhoncus felis eget, euismod urna.','2024-06-22 21:00:00','Lugar 12','Dirección 12','Disponible','http://ejemplo.com/comprar12','/Recursos/Img/evento/event/evento40.png','/Recursos/Img/evento/flayer/recomendacion40.png',12,2),(41,'Concierto Acústico de Jazz','Lorem ipsum dolor sit amet, consectetur adipiscing elit. Sed sagittis erat id nisi convallis bibendum. Pellentesque at lacus ultricies, congue turpis sed, condimentum odio. Ut ac ligula eget nulla cursus congue ac quis mauris. Vestibulum sit amet dictum odio. Morbi aliquet erat eros, nec elementum ipsum auctor non. Nulla facilisi. Proin nec tincidunt libero. Sed eget aliquet velit. Mauris lobortis vehicula quam, ac consectetur turpis. Curabitur efficitur nisi eu urna elementum, id vulputate velit faucibus. Sed id nulla varius, vestibulum libero at, volutpat risus. Curabitur non pharetra risus. Ut a aliquet orci. Aenean condimentum congue eros, eget malesuada velit commodo at./n/nFusce at massa vel tellus consequat fringilla id vitae ligula. Integer vitae rutrum neque. Suspendisse potenti. Pellentesque non finibus eros. Proin eu neque nec nulla convallis malesuada nec ut elit. Nulla vestibulum magna ac nibh aliquam, sit amet elementum neque tincidunt. Donec sed tellus rutrum, congue nulla id, fermentum nisi. Fusce vel justo vestibulum, euismod lorem non, commodo ligula. Suspendisse vel arcu sapien./n/nSed vulputate eros sit amet odio molestie, eget gravida sapien dapibus. Aenean eget accumsan velit. Mauris eu augue velit. Ut tincidunt varius volutpat. Cras ullamcorper mi non justo venenatis, in bibendum quam tempus. Donec nec mauris ut augue vestibulum tempor. Aliquam id dolor bibendum, posuere justo et, varius neque. Cras vitae lacus ut nunc sodales hendrerit. Duis commodo risus a finibus fermentum. Vivamus quis tortor et lacus commodo vehicula./n/nDuis non consequat sapien. Curabitur vehicula dolor in dui molestie, vel viverra ex pharetra. Nulla facilisi. Nullam nec justo ex. Aliquam erat volutpat. Pellentesque habitant morbi tristique senectus et netus et malesuada fames ac turpis egestas. Duis quis placerat arcu. Aliquam condimentum neque non massa scelerisque commodo. Integer vehicula odio nec turpis pellentesque, et malesuada sapien venenatis. Etiam convallis risus nec justo scelerisque, vel ullamcorper tortor sodales. Suspendisse potenti. Vivamus vehicula nisi sit amet mi posuere posuere./n/nPellentesque habitant morbi tristique senectus et netus et malesuada fames ac turpis egestas. Mauris non venenatis elit. Donec mattis erat auctor, pharetra nunc vel, dapibus ligula. Nullam nec sapien nec dui commodo efficitur. Vivamus ullamcorper, lacus et accumsan posuere, lacus felis egestas turpis, et convallis ligula mi nec ante. Nulla pharetra orci sit amet quam ultricies varius. Sed ullamcorper lacinia sem, nec suscipit magna. Phasellus a metus eu leo vehicula vulputate id at metus. Sed dictum enim id diam fermentum, ac varius odio rutrum. Integer sit amet magna ut orci lacinia vehicula. Ut varius lacus eget enim efficitur dapibus. Suspendisse potenti. In hac habitasse platea dictumst. Sed vel purus a mi pellentesque dictum vitae id enim. Donec at ex dolor. Ut in tincidunt sapien. Integer ac nisl vehicula, rhoncus felis eget, euismod urna.','2024-06-22 21:00:00','Lugar 12','Dirección 12','Disponible','http://ejemplo.com/comprar12','/Recursos/Img/evento/event/evento41.png','/Recursos/Img/evento/flayer/recomendacion41.png',12,2),(42,'Feria de Artesanías Locales','Lorem ipsum dolor sit amet, consectetur adipiscing elit. Sed sagittis erat id nisi convallis bibendum. Pellentesque at lacus ultricies, congue turpis sed, condimentum odio. Ut ac ligula eget nulla cursus congue ac quis mauris. Vestibulum sit amet dictum odio. Morbi aliquet erat eros, nec elementum ipsum auctor non. Nulla facilisi. Proin nec tincidunt libero. Sed eget aliquet velit. Mauris lobortis vehicula quam, ac consectetur turpis. Curabitur efficitur nisi eu urna elementum, id vulputate velit faucibus. Sed id nulla varius, vestibulum libero at, volutpat risus. Curabitur non pharetra risus. Ut a aliquet orci. Aenean condimentum congue eros, eget malesuada velit commodo at./n/nFusce at massa vel tellus consequat fringilla id vitae ligula. Integer vitae rutrum neque. Suspendisse potenti. Pellentesque non finibus eros. Proin eu neque nec nulla convallis malesuada nec ut elit. Nulla vestibulum magna ac nibh aliquam, sit amet elementum neque tincidunt. Donec sed tellus rutrum, congue nulla id, fermentum nisi. Fusce vel justo vestibulum, euismod lorem non, commodo ligula. Suspendisse vel arcu sapien./n/nSed vulputate eros sit amet odio molestie, eget gravida sapien dapibus. Aenean eget accumsan velit. Mauris eu augue velit. Ut tincidunt varius volutpat. Cras ullamcorper mi non justo venenatis, in bibendum quam tempus. Donec nec mauris ut augue vestibulum tempor. Aliquam id dolor bibendum, posuere justo et, varius neque. Cras vitae lacus ut nunc sodales hendrerit. Duis commodo risus a finibus fermentum. Vivamus quis tortor et lacus commodo vehicula./n/nDuis non consequat sapien. Curabitur vehicula dolor in dui molestie, vel viverra ex pharetra. Nulla facilisi. Nullam nec justo ex. Aliquam erat volutpat. Pellentesque habitant morbi tristique senectus et netus et malesuada fames ac turpis egestas. Duis quis placerat arcu. Aliquam condimentum neque non massa scelerisque commodo. Integer vehicula odio nec turpis pellentesque, et malesuada sapien venenatis. Etiam convallis risus nec justo scelerisque, vel ullamcorper tortor sodales. Suspendisse potenti. Vivamus vehicula nisi sit amet mi posuere posuere./n/nPellentesque habitant morbi tristique senectus et netus et malesuada fames ac turpis egestas. Mauris non venenatis elit. Donec mattis erat auctor, pharetra nunc vel, dapibus ligula. Nullam nec sapien nec dui commodo efficitur. Vivamus ullamcorper, lacus et accumsan posuere, lacus felis egestas turpis, et convallis ligula mi nec ante. Nulla pharetra orci sit amet quam ultricies varius. Sed ullamcorper lacinia sem, nec suscipit magna. Phasellus a metus eu leo vehicula vulputate id at metus. Sed dictum enim id diam fermentum, ac varius odio rutrum. Integer sit amet magna ut orci lacinia vehicula. Ut varius lacus eget enim efficitur dapibus. Suspendisse potenti. In hac habitasse platea dictumst. Sed vel purus a mi pellentesque dictum vitae id enim. Donec at ex dolor. Ut in tincidunt sapien. Integer ac nisl vehicula, rhoncus felis eget, euismod urna.','2024-06-22 21:00:00','Lugar 12','Dirección 12','Disponible','http://ejemplo.com/comprar12','/Recursos/Img/evento/event/evento42.png','/Recursos/Img/evento/flayer/recomendacion42.png',12,2),(43,'Cena de Gala Benéfica','Lorem ipsum dolor sit amet, consectetur adipiscing elit. Sed sagittis erat id nisi convallis bibendum. Pellentesque at lacus ultricies, congue turpis sed, condimentum odio. Ut ac ligula eget nulla cursus congue ac quis mauris. Vestibulum sit amet dictum odio. Morbi aliquet erat eros, nec elementum ipsum auctor non. Nulla facilisi. Proin nec tincidunt libero. Sed eget aliquet velit. Mauris lobortis vehicula quam, ac consectetur turpis. Curabitur efficitur nisi eu urna elementum, id vulputate velit faucibus. Sed id nulla varius, vestibulum libero at, volutpat risus. Curabitur non pharetra risus. Ut a aliquet orci. Aenean condimentum congue eros, eget malesuada velit commodo at./n/nFusce at massa vel tellus consequat fringilla id vitae ligula. Integer vitae rutrum neque. Suspendisse potenti. Pellentesque non finibus eros. Proin eu neque nec nulla convallis malesuada nec ut elit. Nulla vestibulum magna ac nibh aliquam, sit amet elementum neque tincidunt. Donec sed tellus rutrum, congue nulla id, fermentum nisi. Fusce vel justo vestibulum, euismod lorem non, commodo ligula. Suspendisse vel arcu sapien./n/nSed vulputate eros sit amet odio molestie, eget gravida sapien dapibus. Aenean eget accumsan velit. Mauris eu augue velit. Ut tincidunt varius volutpat. Cras ullamcorper mi non justo venenatis, in bibendum quam tempus. Donec nec mauris ut augue vestibulum tempor. Aliquam id dolor bibendum, posuere justo et, varius neque. Cras vitae lacus ut nunc sodales hendrerit. Duis commodo risus a finibus fermentum. Vivamus quis tortor et lacus commodo vehicula./n/nDuis non consequat sapien. Curabitur vehicula dolor in dui molestie, vel viverra ex pharetra. Nulla facilisi. Nullam nec justo ex. Aliquam erat volutpat. Pellentesque habitant morbi tristique senectus et netus et malesuada fames ac turpis egestas. Duis quis placerat arcu. Aliquam condimentum neque non massa scelerisque commodo. Integer vehicula odio nec turpis pellentesque, et malesuada sapien venenatis. Etiam convallis risus nec justo scelerisque, vel ullamcorper tortor sodales. Suspendisse potenti. Vivamus vehicula nisi sit amet mi posuere posuere./n/nPellentesque habitant morbi tristique senectus et netus et malesuada fames ac turpis egestas. Mauris non venenatis elit. Donec mattis erat auctor, pharetra nunc vel, dapibus ligula. Nullam nec sapien nec dui commodo efficitur. Vivamus ullamcorper, lacus et accumsan posuere, lacus felis egestas turpis, et convallis ligula mi nec ante. Nulla pharetra orci sit amet quam ultricies varius. Sed ullamcorper lacinia sem, nec suscipit magna. Phasellus a metus eu leo vehicula vulputate id at metus. Sed dictum enim id diam fermentum, ac varius odio rutrum. Integer sit amet magna ut orci lacinia vehicula. Ut varius lacus eget enim efficitur dapibus. Suspendisse potenti. In hac habitasse platea dictumst. Sed vel purus a mi pellentesque dictum vitae id enim. Donec at ex dolor. Ut in tincidunt sapien. Integer ac nisl vehicula, rhoncus felis eget, euismod urna.','2024-06-22 21:00:00','Lugar 12','Dirección 12','Disponible','http://ejemplo.com/comprar12','/Recursos/Img/evento/event/evento43.png','/Recursos/Img/evento/flayer/recomendacion43.png',12,1),(44,'Proyección de Documentales Ambientales','Lorem ipsum dolor sit amet, consectetur adipiscing elit. Sed sagittis erat id nisi convallis bibendum. Pellentesque at lacus ultricies, congue turpis sed, condimentum odio. Ut ac ligula eget nulla cursus congue ac quis mauris. Vestibulum sit amet dictum odio. Morbi aliquet erat eros, nec elementum ipsum auctor non. Nulla facilisi. Proin nec tincidunt libero. Sed eget aliquet velit. Mauris lobortis vehicula quam, ac consectetur turpis. Curabitur efficitur nisi eu urna elementum, id vulputate velit faucibus. Sed id nulla varius, vestibulum libero at, volutpat risus. Curabitur non pharetra risus. Ut a aliquet orci. Aenean condimentum congue eros, eget malesuada velit commodo at./n/nFusce at massa vel tellus consequat fringilla id vitae ligula. Integer vitae rutrum neque. Suspendisse potenti. Pellentesque non finibus eros. Proin eu neque nec nulla convallis malesuada nec ut elit. Nulla vestibulum magna ac nibh aliquam, sit amet elementum neque tincidunt. Donec sed tellus rutrum, congue nulla id, fermentum nisi. Fusce vel justo vestibulum, euismod lorem non, commodo ligula. Suspendisse vel arcu sapien./n/nSed vulputate eros sit amet odio molestie, eget gravida sapien dapibus. Aenean eget accumsan velit. Mauris eu augue velit. Ut tincidunt varius volutpat. Cras ullamcorper mi non justo venenatis, in bibendum quam tempus. Donec nec mauris ut augue vestibulum tempor. Aliquam id dolor bibendum, posuere justo et, varius neque. Cras vitae lacus ut nunc sodales hendrerit. Duis commodo risus a finibus fermentum. Vivamus quis tortor et lacus commodo vehicula./n/nDuis non consequat sapien. Curabitur vehicula dolor in dui molestie, vel viverra ex pharetra. Nulla facilisi. Nullam nec justo ex. Aliquam erat volutpat. Pellentesque habitant morbi tristique senectus et netus et malesuada fames ac turpis egestas. Duis quis placerat arcu. Aliquam condimentum neque non massa scelerisque commodo. Integer vehicula odio nec turpis pellentesque, et malesuada sapien venenatis. Etiam convallis risus nec justo scelerisque, vel ullamcorper tortor sodales. Suspendisse potenti. Vivamus vehicula nisi sit amet mi posuere posuere./n/nPellentesque habitant morbi tristique senectus et netus et malesuada fames ac turpis egestas. Mauris non venenatis elit. Donec mattis erat auctor, pharetra nunc vel, dapibus ligula. Nullam nec sapien nec dui commodo efficitur. Vivamus ullamcorper, lacus et accumsan posuere, lacus felis egestas turpis, et convallis ligula mi nec ante. Nulla pharetra orci sit amet quam ultricies varius. Sed ullamcorper lacinia sem, nec suscipit magna. Phasellus a metus eu leo vehicula vulputate id at metus. Sed dictum enim id diam fermentum, ac varius odio rutrum. Integer sit amet magna ut orci lacinia vehicula. Ut varius lacus eget enim efficitur dapibus. Suspendisse potenti. In hac habitasse platea dictumst. Sed vel purus a mi pellentesque dictum vitae id enim. Donec at ex dolor. Ut in tincidunt sapien. Integer ac nisl vehicula, rhoncus felis eget, euismod urna.','2024-06-22 21:00:00','Lugar 12','Dirección 12','Disponible','http://ejemplo.com/comprar12','/Recursos/Img/evento/event/evento44.png','/Recursos/Img/evento/flayer/recomendacion44.png',12,1),(45,'Torneo de Ajedrez Interescolar','Lorem ipsum dolor sit amet, consectetur adipiscing elit. Sed sagittis erat id nisi convallis bibendum. Pellentesque at lacus ultricies, congue turpis sed, condimentum odio. Ut ac ligula eget nulla cursus congue ac quis mauris. Vestibulum sit amet dictum odio. Morbi aliquet erat eros, nec elementum ipsum auctor non. Nulla facilisi. Proin nec tincidunt libero. Sed eget aliquet velit. Mauris lobortis vehicula quam, ac consectetur turpis. Curabitur efficitur nisi eu urna elementum, id vulputate velit faucibus. Sed id nulla varius, vestibulum libero at, volutpat risus. Curabitur non pharetra risus. Ut a aliquet orci. Aenean condimentum congue eros, eget malesuada velit commodo at./n/nFusce at massa vel tellus consequat fringilla id vitae ligula. Integer vitae rutrum neque. Suspendisse potenti. Pellentesque non finibus eros. Proin eu neque nec nulla convallis malesuada nec ut elit. Nulla vestibulum magna ac nibh aliquam, sit amet elementum neque tincidunt. Donec sed tellus rutrum, congue nulla id, fermentum nisi. Fusce vel justo vestibulum, euismod lorem non, commodo ligula. Suspendisse vel arcu sapien./n/nSed vulputate eros sit amet odio molestie, eget gravida sapien dapibus. Aenean eget accumsan velit. Mauris eu augue velit. Ut tincidunt varius volutpat. Cras ullamcorper mi non justo venenatis, in bibendum quam tempus. Donec nec mauris ut augue vestibulum tempor. Aliquam id dolor bibendum, posuere justo et, varius neque. Cras vitae lacus ut nunc sodales hendrerit. Duis commodo risus a finibus fermentum. Vivamus quis tortor et lacus commodo vehicula./n/nDuis non consequat sapien. Curabitur vehicula dolor in dui molestie, vel viverra ex pharetra. Nulla facilisi. Nullam nec justo ex. Aliquam erat volutpat. Pellentesque habitant morbi tristique senectus et netus et malesuada fames ac turpis egestas. Duis quis placerat arcu. Aliquam condimentum neque non massa scelerisque commodo. Integer vehicula odio nec turpis pellentesque, et malesuada sapien venenatis. Etiam convallis risus nec justo scelerisque, vel ullamcorper tortor sodales. Suspendisse potenti. Vivamus vehicula nisi sit amet mi posuere posuere./n/nPellentesque habitant morbi tristique senectus et netus et malesuada fames ac turpis egestas. Mauris non venenatis elit. Donec mattis erat auctor, pharetra nunc vel, dapibus ligula. Nullam nec sapien nec dui commodo efficitur. Vivamus ullamcorper, lacus et accumsan posuere, lacus felis egestas turpis, et convallis ligula mi nec ante. Nulla pharetra orci sit amet quam ultricies varius. Sed ullamcorper lacinia sem, nec suscipit magna. Phasellus a metus eu leo vehicula vulputate id at metus. Sed dictum enim id diam fermentum, ac varius odio rutrum. Integer sit amet magna ut orci lacinia vehicula. Ut varius lacus eget enim efficitur dapibus. Suspendisse potenti. In hac habitasse platea dictumst. Sed vel purus a mi pellentesque dictum vitae id enim. Donec at ex dolor. Ut in tincidunt sapien. Integer ac nisl vehicula, rhoncus felis eget, euismod urna.','2024-06-22 21:00:00','Lugar 12','Dirección 12','Disponible','http://ejemplo.com/comprar12','/Recursos/Img/evento/event/evento45.png','/Recursos/Img/evento/flayer/recomendacion45.png',12,1),(46,'Exposición de Esculturas Modernas','Lorem ipsum dolor sit amet, consectetur adipiscing elit. Sed sagittis erat id nisi convallis bibendum. Pellentesque at lacus ultricies, congue turpis sed, condimentum odio. Ut ac ligula eget nulla cursus congue ac quis mauris. Vestibulum sit amet dictum odio. Morbi aliquet erat eros, nec elementum ipsum auctor non. Nulla facilisi. Proin nec tincidunt libero. Sed eget aliquet velit. Mauris lobortis vehicula quam, ac consectetur turpis. Curabitur efficitur nisi eu urna elementum, id vulputate velit faucibus. Sed id nulla varius, vestibulum libero at, volutpat risus. Curabitur non pharetra risus. Ut a aliquet orci. Aenean condimentum congue eros, eget malesuada velit commodo at./n/nFusce at massa vel tellus consequat fringilla id vitae ligula. Integer vitae rutrum neque. Suspendisse potenti. Pellentesque non finibus eros. Proin eu neque nec nulla convallis malesuada nec ut elit. Nulla vestibulum magna ac nibh aliquam, sit amet elementum neque tincidunt. Donec sed tellus rutrum, congue nulla id, fermentum nisi. Fusce vel justo vestibulum, euismod lorem non, commodo ligula. Suspendisse vel arcu sapien./n/nSed vulputate eros sit amet odio molestie, eget gravida sapien dapibus. Aenean eget accumsan velit. Mauris eu augue velit. Ut tincidunt varius volutpat. Cras ullamcorper mi non justo venenatis, in bibendum quam tempus. Donec nec mauris ut augue vestibulum tempor. Aliquam id dolor bibendum, posuere justo et, varius neque. Cras vitae lacus ut nunc sodales hendrerit. Duis commodo risus a finibus fermentum. Vivamus quis tortor et lacus commodo vehicula./n/nDuis non consequat sapien. Curabitur vehicula dolor in dui molestie, vel viverra ex pharetra. Nulla facilisi. Nullam nec justo ex. Aliquam erat volutpat. Pellentesque habitant morbi tristique senectus et netus et malesuada fames ac turpis egestas. Duis quis placerat arcu. Aliquam condimentum neque non massa scelerisque commodo. Integer vehicula odio nec turpis pellentesque, et malesuada sapien venenatis. Etiam convallis risus nec justo scelerisque, vel ullamcorper tortor sodales. Suspendisse potenti. Vivamus vehicula nisi sit amet mi posuere posuere./n/nPellentesque habitant morbi tristique senectus et netus et malesuada fames ac turpis egestas. Mauris non venenatis elit. Donec mattis erat auctor, pharetra nunc vel, dapibus ligula. Nullam nec sapien nec dui commodo efficitur. Vivamus ullamcorper, lacus et accumsan posuere, lacus felis egestas turpis, et convallis ligula mi nec ante. Nulla pharetra orci sit amet quam ultricies varius. Sed ullamcorper lacinia sem, nec suscipit magna. Phasellus a metus eu leo vehicula vulputate id at metus. Sed dictum enim id diam fermentum, ac varius odio rutrum. Integer sit amet magna ut orci lacinia vehicula. Ut varius lacus eget enim efficitur dapibus. Suspendisse potenti. In hac habitasse platea dictumst. Sed vel purus a mi pellentesque dictum vitae id enim. Donec at ex dolor. Ut in tincidunt sapien. Integer ac nisl vehicula, rhoncus felis eget, euismod urna.','2024-06-22 21:00:00','Lugar 12','Dirección 12','Disponible','http://ejemplo.com/comprar12','/Recursos/Img/evento/event/evento46.png','/Recursos/Img/evento/flayer/recomendacion46.png',12,1),(47,'Fiesta Temática de los Años 80','Lorem ipsum dolor sit amet, consectetur adipiscing elit. Sed sagittis erat id nisi convallis bibendum. Pellentesque at lacus ultricies, congue turpis sed, condimentum odio. Ut ac ligula eget nulla cursus congue ac quis mauris. Vestibulum sit amet dictum odio. Morbi aliquet erat eros, nec elementum ipsum auctor non. Nulla facilisi. Proin nec tincidunt libero. Sed eget aliquet velit. Mauris lobortis vehicula quam, ac consectetur turpis. Curabitur efficitur nisi eu urna elementum, id vulputate velit faucibus. Sed id nulla varius, vestibulum libero at, volutpat risus. Curabitur non pharetra risus. Ut a aliquet orci. Aenean condimentum congue eros, eget malesuada velit commodo at./n/nFusce at massa vel tellus consequat fringilla id vitae ligula. Integer vitae rutrum neque. Suspendisse potenti. Pellentesque non finibus eros. Proin eu neque nec nulla convallis malesuada nec ut elit. Nulla vestibulum magna ac nibh aliquam, sit amet elementum neque tincidunt. Donec sed tellus rutrum, congue nulla id, fermentum nisi. Fusce vel justo vestibulum, euismod lorem non, commodo ligula. Suspendisse vel arcu sapien./n/nSed vulputate eros sit amet odio molestie, eget gravida sapien dapibus. Aenean eget accumsan velit. Mauris eu augue velit. Ut tincidunt varius volutpat. Cras ullamcorper mi non justo venenatis, in bibendum quam tempus. Donec nec mauris ut augue vestibulum tempor. Aliquam id dolor bibendum, posuere justo et, varius neque. Cras vitae lacus ut nunc sodales hendrerit. Duis commodo risus a finibus fermentum. Vivamus quis tortor et lacus commodo vehicula./n/nDuis non consequat sapien. Curabitur vehicula dolor in dui molestie, vel viverra ex pharetra. Nulla facilisi. Nullam nec justo ex. Aliquam erat volutpat. Pellentesque habitant morbi tristique senectus et netus et malesuada fames ac turpis egestas. Duis quis placerat arcu. Aliquam condimentum neque non massa scelerisque commodo. Integer vehicula odio nec turpis pellentesque, et malesuada sapien venenatis. Etiam convallis risus nec justo scelerisque, vel ullamcorper tortor sodales. Suspendisse potenti. Vivamus vehicula nisi sit amet mi posuere posuere./n/nPellentesque habitant morbi tristique senectus et netus et malesuada fames ac turpis egestas. Mauris non venenatis elit. Donec mattis erat auctor, pharetra nunc vel, dapibus ligula. Nullam nec sapien nec dui commodo efficitur. Vivamus ullamcorper, lacus et accumsan posuere, lacus felis egestas turpis, et convallis ligula mi nec ante. Nulla pharetra orci sit amet quam ultricies varius. Sed ullamcorper lacinia sem, nec suscipit magna. Phasellus a metus eu leo vehicula vulputate id at metus. Sed dictum enim id diam fermentum, ac varius odio rutrum. Integer sit amet magna ut orci lacinia vehicula. Ut varius lacus eget enim efficitur dapibus. Suspendisse potenti. In hac habitasse platea dictumst. Sed vel purus a mi pellentesque dictum vitae id enim. Donec at ex dolor. Ut in tincidunt sapien. Integer ac nisl vehicula, rhoncus felis eget, euismod urna.','2024-06-22 21:00:00','Lugar 12','Dirección 12','Disponible','http://ejemplo.com/comprar12','/Recursos/Img/evento/event/evento47.png','/Recursos/Img/evento/flayer/recomendacion47.png',12,1),(48,'Ruta de Senderismo por la Montaña','Lorem ipsum dolor sit amet, consectetur adipiscing elit. Sed sagittis erat id nisi convallis bibendum. Pellentesque at lacus ultricies, congue turpis sed, condimentum odio. Ut ac ligula eget nulla cursus congue ac quis mauris. Vestibulum sit amet dictum odio. Morbi aliquet erat eros, nec elementum ipsum auctor non. Nulla facilisi. Proin nec tincidunt libero. Sed eget aliquet velit. Mauris lobortis vehicula quam, ac consectetur turpis. Curabitur efficitur nisi eu urna elementum, id vulputate velit faucibus. Sed id nulla varius, vestibulum libero at, volutpat risus. Curabitur non pharetra risus. Ut a aliquet orci. Aenean condimentum congue eros, eget malesuada velit commodo at./n/nFusce at massa vel tellus consequat fringilla id vitae ligula. Integer vitae rutrum neque. Suspendisse potenti. Pellentesque non finibus eros. Proin eu neque nec nulla convallis malesuada nec ut elit. Nulla vestibulum magna ac nibh aliquam, sit amet elementum neque tincidunt. Donec sed tellus rutrum, congue nulla id, fermentum nisi. Fusce vel justo vestibulum, euismod lorem non, commodo ligula. Suspendisse vel arcu sapien./n/nSed vulputate eros sit amet odio molestie, eget gravida sapien dapibus. Aenean eget accumsan velit. Mauris eu augue velit. Ut tincidunt varius volutpat. Cras ullamcorper mi non justo venenatis, in bibendum quam tempus. Donec nec mauris ut augue vestibulum tempor. Aliquam id dolor bibendum, posuere justo et, varius neque. Cras vitae lacus ut nunc sodales hendrerit. Duis commodo risus a finibus fermentum. Vivamus quis tortor et lacus commodo vehicula./n/nDuis non consequat sapien. Curabitur vehicula dolor in dui molestie, vel viverra ex pharetra. Nulla facilisi. Nullam nec justo ex. Aliquam erat volutpat. Pellentesque habitant morbi tristique senectus et netus et malesuada fames ac turpis egestas. Duis quis placerat arcu. Aliquam condimentum neque non massa scelerisque commodo. Integer vehicula odio nec turpis pellentesque, et malesuada sapien venenatis. Etiam convallis risus nec justo scelerisque, vel ullamcorper tortor sodales. Suspendisse potenti. Vivamus vehicula nisi sit amet mi posuere posuere./n/nPellentesque habitant morbi tristique senectus et netus et malesuada fames ac turpis egestas. Mauris non venenatis elit. Donec mattis erat auctor, pharetra nunc vel, dapibus ligula. Nullam nec sapien nec dui commodo efficitur. Vivamus ullamcorper, lacus et accumsan posuere, lacus felis egestas turpis, et convallis ligula mi nec ante. Nulla pharetra orci sit amet quam ultricies varius. Sed ullamcorper lacinia sem, nec suscipit magna. Phasellus a metus eu leo vehicula vulputate id at metus. Sed dictum enim id diam fermentum, ac varius odio rutrum. Integer sit amet magna ut orci lacinia vehicula. Ut varius lacus eget enim efficitur dapibus. Suspendisse potenti. In hac habitasse platea dictumst. Sed vel purus a mi pellentesque dictum vitae id enim. Donec at ex dolor. Ut in tincidunt sapien. Integer ac nisl vehicula, rhoncus felis eget, euismod urna.','2024-06-22 21:00:00','Lugar 12','Dirección 12','Disponible','http://ejemplo.com/comprar12','/Recursos/Img/evento/event/evento48.png','/Recursos/Img/evento/flayer/recomendacion48.png',12,1),(49,'Noche de Cine al Aire Libre','Lorem ipsum dolor sit amet, consectetur adipiscing elit. Sed sagittis erat id nisi convallis bibendum. Pellentesque at lacus ultricies, congue turpis sed, condimentum odio. Ut ac ligula eget nulla cursus congue ac quis mauris. Vestibulum sit amet dictum odio. Morbi aliquet erat eros, nec elementum ipsum auctor non. Nulla facilisi. Proin nec tincidunt libero. Sed eget aliquet velit. Mauris lobortis vehicula quam, ac consectetur turpis. Curabitur efficitur nisi eu urna elementum, id vulputate velit faucibus. Sed id nulla varius, vestibulum libero at, volutpat risus. Curabitur non pharetra risus. Ut a aliquet orci. Aenean condimentum congue eros, eget malesuada velit commodo at./n/nFusce at massa vel tellus consequat fringilla id vitae ligula. Integer vitae rutrum neque. Suspendisse potenti. Pellentesque non finibus eros. Proin eu neque nec nulla convallis malesuada nec ut elit. Nulla vestibulum magna ac nibh aliquam, sit amet elementum neque tincidunt. Donec sed tellus rutrum, congue nulla id, fermentum nisi. Fusce vel justo vestibulum, euismod lorem non, commodo ligula. Suspendisse vel arcu sapien./n/nSed vulputate eros sit amet odio molestie, eget gravida sapien dapibus. Aenean eget accumsan velit. Mauris eu augue velit. Ut tincidunt varius volutpat. Cras ullamcorper mi non justo venenatis, in bibendum quam tempus. Donec nec mauris ut augue vestibulum tempor. Aliquam id dolor bibendum, posuere justo et, varius neque. Cras vitae lacus ut nunc sodales hendrerit. Duis commodo risus a finibus fermentum. Vivamus quis tortor et lacus commodo vehicula./n/nDuis non consequat sapien. Curabitur vehicula dolor in dui molestie, vel viverra ex pharetra. Nulla facilisi. Nullam nec justo ex. Aliquam erat volutpat. Pellentesque habitant morbi tristique senectus et netus et malesuada fames ac turpis egestas. Duis quis placerat arcu. Aliquam condimentum neque non massa scelerisque commodo. Integer vehicula odio nec turpis pellentesque, et malesuada sapien venenatis. Etiam convallis risus nec justo scelerisque, vel ullamcorper tortor sodales. Suspendisse potenti. Vivamus vehicula nisi sit amet mi posuere posuere./n/nPellentesque habitant morbi tristique senectus et netus et malesuada fames ac turpis egestas. Mauris non venenatis elit. Donec mattis erat auctor, pharetra nunc vel, dapibus ligula. Nullam nec sapien nec dui commodo efficitur. Vivamus ullamcorper, lacus et accumsan posuere, lacus felis egestas turpis, et convallis ligula mi nec ante. Nulla pharetra orci sit amet quam ultricies varius. Sed ullamcorper lacinia sem, nec suscipit magna. Phasellus a metus eu leo vehicula vulputate id at metus. Sed dictum enim id diam fermentum, ac varius odio rutrum. Integer sit amet magna ut orci lacinia vehicula. Ut varius lacus eget enim efficitur dapibus. Suspendisse potenti. In hac habitasse platea dictumst. Sed vel purus a mi pellentesque dictum vitae id enim. Donec at ex dolor. Ut in tincidunt sapien. Integer ac nisl vehicula, rhoncus felis eget, euismod urna.','2024-06-22 21:00:00','Lugar 12','Dirección 12','Disponible','http://ejemplo.com/comprar12','/Recursos/Img/evento/event/evento49.png','/Recursos/Img/evento/flayer/recomendacion49.png',12,1),(50,'Workshop de Diseño Gráfico','Lorem ipsum dolor sit amet, consectetur adipiscing elit. Sed sagittis erat id nisi convallis bibendum. Pellentesque at lacus ultricies, congue turpis sed, condimentum odio. Ut ac ligula eget nulla cursus congue ac quis mauris. Vestibulum sit amet dictum odio. Morbi aliquet erat eros, nec elementum ipsum auctor non. Nulla facilisi. Proin nec tincidunt libero. Sed eget aliquet velit. Mauris lobortis vehicula quam, ac consectetur turpis. Curabitur efficitur nisi eu urna elementum, id vulputate velit faucibus. Sed id nulla varius, vestibulum libero at, volutpat risus. Curabitur non pharetra risus. Ut a aliquet orci. Aenean condimentum congue eros, eget malesuada velit commodo at./n/nFusce at massa vel tellus consequat fringilla id vitae ligula. Integer vitae rutrum neque. Suspendisse potenti. Pellentesque non finibus eros. Proin eu neque nec nulla convallis malesuada nec ut elit. Nulla vestibulum magna ac nibh aliquam, sit amet elementum neque tincidunt. Donec sed tellus rutrum, congue nulla id, fermentum nisi. Fusce vel justo vestibulum, euismod lorem non, commodo ligula. Suspendisse vel arcu sapien./n/nSed vulputate eros sit amet odio molestie, eget gravida sapien dapibus. Aenean eget accumsan velit. Mauris eu augue velit. Ut tincidunt varius volutpat. Cras ullamcorper mi non justo venenatis, in bibendum quam tempus. Donec nec mauris ut augue vestibulum tempor. Aliquam id dolor bibendum, posuere justo et, varius neque. Cras vitae lacus ut nunc sodales hendrerit. Duis commodo risus a finibus fermentum. Vivamus quis tortor et lacus commodo vehicula./n/nDuis non consequat sapien. Curabitur vehicula dolor in dui molestie, vel viverra ex pharetra. Nulla facilisi. Nullam nec justo ex. Aliquam erat volutpat. Pellentesque habitant morbi tristique senectus et netus et malesuada fames ac turpis egestas. Duis quis placerat arcu. Aliquam condimentum neque non massa scelerisque commodo. Integer vehicula odio nec turpis pellentesque, et malesuada sapien venenatis. Etiam convallis risus nec justo scelerisque, vel ullamcorper tortor sodales. Suspendisse potenti. Vivamus vehicula nisi sit amet mi posuere posuere./n/nPellentesque habitant morbi tristique senectus et netus et malesuada fames ac turpis egestas. Mauris non venenatis elit. Donec mattis erat auctor, pharetra nunc vel, dapibus ligula. Nullam nec sapien nec dui commodo efficitur. Vivamus ullamcorper, lacus et accumsan posuere, lacus felis egestas turpis, et convallis ligula mi nec ante. Nulla pharetra orci sit amet quam ultricies varius. Sed ullamcorper lacinia sem, nec suscipit magna. Phasellus a metus eu leo vehicula vulputate id at metus. Sed dictum enim id diam fermentum, ac varius odio rutrum. Integer sit amet magna ut orci lacinia vehicula. Ut varius lacus eget enim efficitur dapibus. Suspendisse potenti. In hac habitasse platea dictumst. Sed vel purus a mi pellentesque dictum vitae id enim. Donec at ex dolor. Ut in tincidunt sapien. Integer ac nisl vehicula, rhoncus felis eget, euismod urna.','2024-06-22 21:00:00','Lugar 12','Dirección 12','Disponible','http://ejemplo.com/comprar12','/Recursos/Img/evento/event/evento50.png','/Recursos/Img/evento/flayer/recomendacion50.png',12,1),(51,'Exhibición de Autos Clásicos','Lorem ipsum dolor sit amet, consectetur adipiscing elit. Sed sagittis erat id nisi convallis bibendum. Pellentesque at lacus ultricies, congue turpis sed, condimentum odio. Ut ac ligula eget nulla cursus congue ac quis mauris. Vestibulum sit amet dictum odio. Morbi aliquet erat eros, nec elementum ipsum auctor non. Nulla facilisi. Proin nec tincidunt libero. Sed eget aliquet velit. Mauris lobortis vehicula quam, ac consectetur turpis. Curabitur efficitur nisi eu urna elementum, id vulputate velit faucibus. Sed id nulla varius, vestibulum libero at, volutpat risus. Curabitur non pharetra risus. Ut a aliquet orci. Aenean condimentum congue eros, eget malesuada velit commodo at./n/nFusce at massa vel tellus consequat fringilla id vitae ligula. Integer vitae rutrum neque. Suspendisse potenti. Pellentesque non finibus eros. Proin eu neque nec nulla convallis malesuada nec ut elit. Nulla vestibulum magna ac nibh aliquam, sit amet elementum neque tincidunt. Donec sed tellus rutrum, congue nulla id, fermentum nisi. Fusce vel justo vestibulum, euismod lorem non, commodo ligula. Suspendisse vel arcu sapien./n/nSed vulputate eros sit amet odio molestie, eget gravida sapien dapibus. Aenean eget accumsan velit. Mauris eu augue velit. Ut tincidunt varius volutpat. Cras ullamcorper mi non justo venenatis, in bibendum quam tempus. Donec nec mauris ut augue vestibulum tempor. Aliquam id dolor bibendum, posuere justo et, varius neque. Cras vitae lacus ut nunc sodales hendrerit. Duis commodo risus a finibus fermentum. Vivamus quis tortor et lacus commodo vehicula./n/nDuis non consequat sapien. Curabitur vehicula dolor in dui molestie, vel viverra ex pharetra. Nulla facilisi. Nullam nec justo ex. Aliquam erat volutpat. Pellentesque habitant morbi tristique senectus et netus et malesuada fames ac turpis egestas. Duis quis placerat arcu. Aliquam condimentum neque non massa scelerisque commodo. Integer vehicula odio nec turpis pellentesque, et malesuada sapien venenatis. Etiam convallis risus nec justo scelerisque, vel ullamcorper tortor sodales. Suspendisse potenti. Vivamus vehicula nisi sit amet mi posuere posuere./n/nPellentesque habitant morbi tristique senectus et netus et malesuada fames ac turpis egestas. Mauris non venenatis elit. Donec mattis erat auctor, pharetra nunc vel, dapibus ligula. Nullam nec sapien nec dui commodo efficitur. Vivamus ullamcorper, lacus et accumsan posuere, lacus felis egestas turpis, et convallis ligula mi nec ante. Nulla pharetra orci sit amet quam ultricies varius. Sed ullamcorper lacinia sem, nec suscipit magna. Phasellus a metus eu leo vehicula vulputate id at metus. Sed dictum enim id diam fermentum, ac varius odio rutrum. Integer sit amet magna ut orci lacinia vehicula. Ut varius lacus eget enim efficitur dapibus. Suspendisse potenti. In hac habitasse platea dictumst. Sed vel purus a mi pellentesque dictum vitae id enim. Donec at ex dolor. Ut in tincidunt sapien. Integer ac nisl vehicula, rhoncus felis eget, euismod urna.','2024-06-22 21:00:00','Lugar 12','Dirección 12','Disponible','http://ejemplo.com/comprar12','/Recursos/Img/evento/event/evento51.png','/Recursos/Img/evento/flayer/recomendacion51.png',12,1);
/*!40000 ALTER TABLE `evento` ENABLE KEYS */;
UNLOCK TABLES;

--
-- Table structure for table `evento_interes`
--

DROP TABLE IF EXISTS `evento_interes`;
/*!40101 SET @saved_cs_client     = @@character_set_client */;
/*!50503 SET character_set_client = utf8mb4 */;
CREATE TABLE `evento_interes` (
  `id_usuario` int NOT NULL,
  `id_estado` int NOT NULL,
  `id_evento` int NOT NULL,
  KEY `id_usuario` (`id_usuario`),
  KEY `id_estado` (`id_estado`),
  KEY `id_evento` (`id_evento`),
  CONSTRAINT `evento_interes_ibfk_1` FOREIGN KEY (`id_usuario`) REFERENCES `usuario` (`id_usuario`),
  CONSTRAINT `evento_interes_ibfk_2` FOREIGN KEY (`id_estado`) REFERENCES `estado` (`id_estado`),
  CONSTRAINT `evento_interes_ibfk_3` FOREIGN KEY (`id_evento`) REFERENCES `evento` (`id_evento`)
) ENGINE=InnoDB DEFAULT CHARSET=utf8mb4 COLLATE=utf8mb4_general_ci;
/*!40101 SET character_set_client = @saved_cs_client */;

--
-- Dumping data for table `evento_interes`
--

LOCK TABLES `evento_interes` WRITE;
/*!40000 ALTER TABLE `evento_interes` DISABLE KEYS */;
INSERT INTO `evento_interes` VALUES (1,1,1),(1,2,2),(1,3,3),(1,4,4),(2,1,5),(2,2,6),(2,3,7),(2,4,8),(3,1,9),(3,2,10),(3,3,11),(3,4,12),(4,1,13),(4,2,14),(4,3,15),(4,4,16),(5,1,17),(5,2,18),(5,3,19),(5,4,20),(6,1,21),(6,2,22),(6,3,23),(6,4,24),(7,1,25),(7,2,26),(7,3,27),(7,4,28),(8,1,29),(8,2,30),(8,3,31),(8,4,32),(9,1,33),(9,2,34),(9,3,35),(9,4,36),(1,2,14);
/*!40000 ALTER TABLE `evento_interes` ENABLE KEYS */;
UNLOCK TABLES;

--
-- Table structure for table `usuario`
--

DROP TABLE IF EXISTS `usuario`;
/*!40101 SET @saved_cs_client     = @@character_set_client */;
/*!50503 SET character_set_client = utf8mb4 */;
CREATE TABLE `usuario` (
  `id_usuario` int NOT NULL AUTO_INCREMENT,
  `nombre` varchar(100) DEFAULT NULL,
  `correo` varchar(100) NOT NULL,
  `contrasenia` varchar(255) NOT NULL,
  `imagen_perfil` varchar(200) DEFAULT NULL,
  `estatus` tinyint NOT NULL DEFAULT '1',
  PRIMARY KEY (`id_usuario`),
  UNIQUE KEY `correo` (`correo`)
) ENGINE=InnoDB AUTO_INCREMENT=51 DEFAULT CHARSET=utf8mb4 COLLATE=utf8mb4_general_ci;
/*!40101 SET character_set_client = @saved_cs_client */;

--
-- Dumping data for table `usuario`
--

LOCK TABLES `usuario` WRITE;
/*!40000 ALTER TABLE `usuario` DISABLE KEYS */;
INSERT INTO `usuario` VALUES (1,'Juan Perez','juan@juan.com','852','perfil2.png',1),(2,'María López','maria.lopez@example.com','87289849dec8','perfil3.png',1),(3,'Carlos García','carlos.garcia@example.com','ae78e44a4198','perfil4.png',1),(4,'Ana Rodríguez','ana.rodriguez@example.com','f874fb590aaf','perfil5.png',1),(5,'Pedro Martínez','pedro.martinez@example.com','da893efc4f57','perfil6.png',1),(6,'Laura Sánchez','laura.sanchez@example.com','5da049446669','perfil7.png',1),(7,'Diego Fernández','diego.fernandez@example.com','73f39bfd6def','perfil8.png',1),(8,'Sofía Pérez','sofia.perez@example.com','f1bb195b97dd','perfil9.png',1),(9,'Miguel González','miguel.gonzalez@example.com','4abc268220b1','perfil10.png',1),(10,'Lucía Gómez','lucia.gomez@example.com','0fb5eaefc63b','perfil11.png',1),(11,'Andrés Díaz','andres.diaz@example.com','52eabb6750a7','perfil12.png',1),(12,'Elena Vázquez','elena.vazquez@example.com','e73f3e677c3b','perfil13.png',1),(13,'Javier López','javier.lopez@example.com','f733d31326d7','perfil14.png',1),(14,'Marina Ruiz','marina.ruiz@example.com','854b9928c2c5','perfil15.png',1),(15,'Raúl Martínez','raul.martinez@example.com','4a7c5088df82','perfil16.png',1),(16,'Carmen Sánchez','carmen.sanchez@example.com','f76e2c84f165','perfil17.png',1),(17,'David Pérez','david.perez@example.com','8fce2f8017f4','perfil18.png',1),(18,'Sara González','sara.gonzalez@example.com','668a19b92b48','perfil19.png',1),(19,'Pablo García','pablo.garcia@example.com','c06795b25123','perfil20.png',1),(20,'Adriana Díaz','adriana.diaz@example.com','0fa4c388f627','perfil21.png',1),(21,'Mario López','mario.lopez@example.com','a09ae9d17b71','perfil22.png',1),(22,'Isabel Rodríguez','isabel.rodriguez@example.com','9d33a378e061','perfil23.png',1),(23,'Gema Martínez','gema.martinez@example.com','38c35d60832c','perfil24.png',1),(24,'Francisco Pérez','francisco.perez@example.com','edc11432e411','perfil25.png',1),(25,'Esther Sánchez','esther.sanchez@example.com','4b8a252c68e2','perfil26.png',1),(26,'Jorge Díaz','jorge.diaz@example.com','e23b83393353','perfil27.png',1),(27,'Natalia Gómez','natalia.gomez@example.com','b2139175b993','perfil28.png',1),(28,'Daniel Vázquez','daniel.vazquez@example.com','7ccfbe4637e4','perfil29.png',1),(29,'Lorena López','lorena.lopez@example.com','e0ce8fa840d3','perfil30.png',1),(30,'Rubén Ruiz','ruben.ruiz@example.com','2ef3a43f1753','perfil31.png',1),(31,'Rosa Martínez','rosa.martinez@example.com','3784d294cd98','perfil32.png',1),(32,'Diego Sánchez','diego.sanchez@example.com','59ada43d4608','perfil33.png',1),(33,'Lidia Pérez','lidia.perez@example.com','f50439c816ed','perfil34.png',1),(34,'Sergio González','sergio.gonzalez@example.com','40be32def273','perfil35.png',1),(35,'Paula García','paula.garcia@example.com','ef474cd75b9a','perfil36.png',1),(36,'Eva Díaz','eva.diaz@example.com','2deb59164326','perfil37.png',1),(37,'Álvaro López','alvaro.lopez@example.com','62e41f3fcec2','perfil38.png',1),(38,'Celia Martínez','celia.martinez@example.com','5556a1140fc9','perfil39.png',1),(39,'Víctor Pérez','victor.perez@example.com','f2b7e26f06d3','perfil40.png',1),(40,'Alba Sánchez','alba.sanchez@example.com','138583d8f55b','perfil41.png',1),(41,'Manuel Díaz','manuel.diaz@example.com','8eed10654881','perfil42.png',1),(42,'Alicia González','alicia.gonzalez@example.com','607fca2a67d1','perfil43.png',1),(43,'Joaquín García','joaquin.garcia@example.com','6bcd8f64a231','perfil44.png',1),(44,'Inés López','ines.lopez@example.com','a726f9d0ee46','perfil45.png',1),(45,'Marcos Ruiz','marcos.ruiz@example.com','fbc6195dc516','perfil46.png',1),(46,'Silvia Martínez','silvia.martinez@example.com','9647ceab2800','perfil47.png',1),(47,'Hugo Pérez','hugo.perez@example.com','de2493497e81','perfil48.png',1),(48,'Miriam Sánchez','miriam.sanchez@example.com','754d0da3281a','perfil49.png',1),(49,'Olga Díaz','olga.diaz@example.com','ecbe5d94ff69','perfil50.png',1),(50,'Bruno González','bruno.gonzalez@example.com','f6ce55cb215e','perfil51.png',1);
/*!40000 ALTER TABLE `usuario` ENABLE KEYS */;
UNLOCK TABLES;
/*!40103 SET TIME_ZONE=@OLD_TIME_ZONE */;

/*!40101 SET SQL_MODE=@OLD_SQL_MODE */;
/*!40014 SET FOREIGN_KEY_CHECKS=@OLD_FOREIGN_KEY_CHECKS */;
/*!40014 SET UNIQUE_CHECKS=@OLD_UNIQUE_CHECKS */;
/*!40101 SET CHARACTER_SET_CLIENT=@OLD_CHARACTER_SET_CLIENT */;
/*!40101 SET CHARACTER_SET_RESULTS=@OLD_CHARACTER_SET_RESULTS */;
/*!40101 SET COLLATION_CONNECTION=@OLD_COLLATION_CONNECTION */;
/*!40111 SET SQL_NOTES=@OLD_SQL_NOTES */;

-- Dump completed on 2024-06-20 10:02:56
